OrderID,OrderDate,DeliveryDate,OriginCity,DestinationCity,Carrier,TransportMode,Warehouse,Weight_kg,Distance_km,ShippingCost_INR,CustomerRating,DeliveryStatus,TransitDays,Weight_kg_MinMax,Distance_km_MinMax,ShippingCost_INR_MinMax,Weight_kg_Zscore,Distance_km_Zscore,ShippingCost_INR_Zscore
ORD10831,2024-02-16,,Chennai,Delhi,Dhl,Sea,Wh-Central,26.2,1039.6124999999997,380.78,5.0,Cancelled,,0.34567319821713893,1.0,0.8410315071979345,-0.20101288930484343,2.423781694931217,1.6502378678084095
ORD10916,2024-03-12,,Kolkata,Hyderabad,Dhl,Road,Wh-South,74.82875000000001,110.5,456.51875000000007,2.0,Delayed,,1.0,0.07460066483236018,1.0,2.3917230738837714,-1.2590092914451003,2.430146247814299
ORD10515,2024-04-11,2024-04-12,Hyderabad,Chennai,Delhivery,Air,Wh-Central,46.05,147.1,282.71,4.0,Delivered,1.0,0.6127659574468084,0.1110543942430996,0.6351918268612701,0.8573282950623052,-1.113935201815079,0.6403768016147173
ORD10502,2024-01-14,2024-01-15,Pune,Mumbai,Delhivery,Air,Wh-Central,7.53,120.9,131.5,4.0,Delivered,1.0,0.09445799344041712,0.08495910160481074,0.31781629852735527,-1.1964400889086049,-1.217786052861706,-0.9166854174038221
ORD10491,2024-12-10,2024-12-13,Lucknow,Ahmedabad,Bluedart,Road,Wh-East,28.85,271.8,102.71,4.0,Delivered,3.0,0.38133041796316536,0.2352560351589249,0.25738880391236013,-0.05972300826842296,-0.6196527161084212,-1.2131461097227414
ORD11033,2024-09-10,2024-09-11,Delhi,Pune,Delhivery,Air,Wh-Central,21.65,159.5,169.95999999999998,4.0,Delivered,1.0,0.28445042469094267,0.12340483808717526,0.398540211097439,-0.4436049491975652,-1.0647844173502627,-0.520649355348052
ORD10245,2024-07-02,,Hyderabad,Lucknow,Ekart,Road,Wh-North,13.88,272.6,202.33,5.0,In Transit,,0.17990076528466906,0.23605283798757495,0.4664817880577513,-0.8578775437835976,-0.6164816977558524,-0.18732415179253198
ORD10116,2024-12-05,2024-12-15,Chennai,Hyderabad,Fedex,Rail,Wh-East,49.15,1039.6124999999997,381.7,5.0,Delivered,10.0,0.6544781767723488,1.0,0.84296250042634,1.022610797406797,2.423781694931217,1.6597114293552455
ORD10969,2024-04-16,2024-04-20,Jaipur,Pune,Ekart,Road,Wh-Central,11.62,508.2,116.28,4.0,Delivered,4.0,0.14949121184088804,0.47071127102501226,0.28587095403134183,-0.9783738196863563,0.3173832070756512,-1.0734110769069118
ORD10236,2024-07-07,2024-07-13,Mumbai,Ahmedabad,Dhl,Rail,Wh-East,42.32,769.6,356.6,3.0,Delivered,6.0,0.5625767387099486,0.7310665952864135,0.7902799677817977,0.6584561228865137,1.353513453777498,1.4012479567187448
ORD10913,2024-04-18,2024-04-27,Kolkata,Lucknow,Xpressbees,Sea,Wh-Central,24.45,1039.6124999999997,234.87,4.0,Delivered,9.0,0.3221259776301404,1.0,0.5347801789841821,-0.29431752772512104,2.423781694931217,0.1477516011792508
ORD10713,2024-10-09,2024-10-12,Bengaluru,Kolkata,Xpressbees,Road,Wh-East,9.44,441.5,173.79,1.0,Delivered,3.0,0.1201581027667984,0.404277835186315,0.4065790198635185,-1.0946047406899022,0.05299955193022979,-0.48121050673459376
ORD10956,2024-05-23,2024-05-27,Chennai,Kolkata,Dhl,Road,Wh-East,37.73,409.2,314.77,5.0,Delivered,4.0,0.5008157429989066,0.37210692097956954,0.702482743059837,0.4137313855441854,-0.07503031405473448,0.9705098268229337
ORD10685,2024-07-11,2024-07-19,Jaipur,Ahmedabad,Xpressbees,Sea,Wh-Central,16.99,536.7,189.68,5.0,Delivered,8.0,0.22174754015642076,0.49909737179567004,0.4399306311671752,-0.6920618720767044,0.430350735885914,-0.31758562306152566
ORD10930,2024-08-07,2024-08-08,Lucknow,Mumbai,Delhivery,Air,Wh-North,30.14,150.9,456.51875000000007,1.0,Delivered,1.0,0.39868808342443857,0.1148392076791873,1.0,0.009055839481381625,-1.098872864640377,2.430146247814299
ORD10509,2024-11-07,,Jaipur,Ahmedabad,Dhl,Road,Wh-North,47.55,239.2,289.09,4.0,In Transit,,0.6329492893785215,0.20278631989143567,0.6485828451191259,0.9373036994225431,-0.7488717139755988,0.7060738914721228
ORD10530,2024-05-23,2024-05-27,Lucknow,Jaipur,Fedex,Road,Wh-East,7.73,437.7,128.12,4.0,Delivered,4.0,0.09714910436464552,0.4004930217502273,0.31072199731864797,-1.1857767016605731,0.03793721475552807,-0.9514904587389367
ORD10295,2024-05-08,2024-05-13,Kolkata,Mumbai,Xpressbees,Road,Wh-East,16.24,413.1,153.4,4.0,Delivered,5.0,0.21165587419056425,0.3759913347692385,0.36378233298613927,-0.7320495742568234,-0.05957159958596158,-0.691173463191098
ORD10143,2024-02-03,2024-02-07,Delhi,Bengaluru,Ekart,Rail,Wh-Central,24.74,398.6,214.67,4.0,Delivered,4.0,0.32602808847027154,0.3615492834999565,0.4923822841865821,-0.27885561621547506,-0.1170463072262706,-0.060254858870842
ORD10160,2024-07-22,2024-07-23,Chennai,Lucknow,Delhivery,Air,Wh-North,27.29,90.9,230.66,4.0,Delivered,1.0,0.3603397527541838,0.055078995530434154,0.5259437860585436,-0.14289742880307055,-1.336699241083035,0.10439975975296903
ORD11164,2024-03-17,2024-03-19,Jaipur,Bengaluru,Fedex,Road,Wh-East,42.91,214.4,297.81,4.0,Delivered,2.0,0.5705155159364225,0.17808543220328438,0.6668853026753175,0.6899131152682071,-0.8471732829052308,0.7958667791769155
ORD10623,2024-03-19,2024-03-23,Lucknow,Jaipur,Dhl,Road,Wh-East,14.04,595.5,244.77,5.0,Delivered,4.0,0.18205365402405177,0.557662379701448,0.5555593452463721,-0.8493468339851724,0.6634205847997187,0.2496953613028111
ORD10403,2024-03-02,2024-03-08,Chennai,Hyderabad,Delhivery,Road,Wh-South,8.61,697.6,77.29,5.0,Delivered,6.0,0.1089899924312505,0.6593543407079097,0.2040346214492419,-1.1388577977692338,1.0681218020463086,-1.47490473420162
ORD10669,2024-12-30,2025-01-16,Mumbai,Chennai,Ekart,Sea,Wh-South,25.52,1039.6124999999997,269.125,4.0,Delivered,17.0,0.33652342107476235,1.0,0.6066781931570426,-0.2372684059481513,2.423781694931217,0.5004873085562765
ORD10351,2024-03-25,2024-03-29,Lucknow,Jaipur,Dhl,Road,Wh-Central,20.02,332.1,184.69,5.0,Delivered,4.0,0.26251787065848114,0.2953150483684218,0.4294570918087582,-0.5305115552690237,-0.38063720778354987,-0.3689693971036031
ORD11096,2024-05-16,2024-05-20,Jaipur,Bengaluru,Xpressbees,Road,Wh-South,5.56,515.0,112.75,2.0,Delivered,4.0,0.06795055083676729,0.4774840950685376,0.27846181697017713,-1.3014744533017175,0.34433686307248584,-1.1097607206681408
ORD10612,2024-03-17,,Hyderabad,Jaipur,Delhivery,Rail,Wh-East,39.22,372.2,300.73,2.0,Delayed,,0.5208645193844084,0.3352547901545051,0.6730141072698221,0.49317362054202185,-0.22168991286104026,0.8259350397386123
ORD10154,2024-10-14,2024-10-17,Hyderabad,Ahmedabad,Dhl,Road,Wh-East,30.06,500.1,196.57,5.0,Delivered,3.0,0.3976116390547472,0.4626436423849306,0.4543920913233862,0.004790484582168836,0.28527664625589255,-0.24663688495533087
ORD11012,2024-01-29,2024-02-04,Jaipur,Lucknow,Bluedart,Rail,Wh-West,5.96,908.3,456.51875000000007,5.0,Delivered,6.0,0.07333277268522412,0.8692122857036144,1.0,-1.280147678805654,1.903288760654109,2.430146247814299
ORD10781,2024-05-05,2024-05-05,Hyderabad,Jaipur,Bluedart,Road,Wh-Central,22.44,35.6,88.82,3.0,Delivered,0.0,0.2950803128416449,0.0,0.2282350039748026,-0.4014845695678398,-1.5558958847043516,-1.3561762943809486
ORD10682,2024-07-28,2024-08-01,Ahmedabad,Pune,Ekart,Road,Wh-East,27.22,382.4,318.82,4.0,Delivered,4.0,0.35939786393070383,0.3454140262197931,0.7109833110761875,-0.14662961433988167,-0.18125942886578844,1.0122140923280267
ORD10397,2024-04-25,2024-04-29,Lucknow,Chennai,Ekart,Road,Wh-West,23.42,438.6,238.95,3.0,Delivered,4.0,0.3082667563703641,0.4013894249324586,0.543343714171024,-0.3492339720524843,0.041504610402168074,0.18976478716956635
ORD10785,2024-02-03,2024-02-08,Hyderabad,Kolkata,Fedex,Road,Wh-East,47.55,436.3,300.25,5.0,Delivered,5.0,0.6329492893785215,0.39909861680008973,0.6720066325419584,0.9373036994225431,0.032387932638532804,0.8209923119750455
ORD10300,2024-04-24,2024-04-27,Hyderabad,Jaipur,Dhl,Road,Wh-South,26.2,277.9,53.89,2.0,Delivered,3.0,0.34567319821713893,0.24133165672738144,0.15492022846588357,-0.20101288930484343,-0.5954737011700845,-1.71586271267549
ORD10894,2024-07-02,2024-07-05,Jaipur,Delhi,Delhivery,Road,Wh-North,13.8,313.1,134.87,5.0,Delivered,3.0,0.1788243209149777,0.2763909811879833,0.3248896106792321,-0.8621428986828104,-0.45594889365705826,-0.881983349563782
ORD10708,2024-06-24,,Chennai,Kolkata,Fedex,Air,Wh-South,36.71,138.8,207.36,4.0,In Transit,,0.48709107728534184,0.10278756489585543,0.47703928364349035,0.35934811057922383,-1.14683451722298,-0.13552848377015742
ORD10225,2024-03-22,2024-04-07,Bengaluru,Pune,Fedex,Sea,Wh-East,44.49,1039.6124999999997,330.67,5.0,Delivered,16.0,0.5917752922378269,1.0,0.7358553434203242,0.774153874527658,2.423781694931217,1.1342376839910762
ORD10172,2024-08-16,2024-09-02,Jaipur,Hyderabad,Bluedart,Sea,Wh-South,57.47,1039.6124999999997,445.27,3.0,Delivered,17.0,0.7664283912202505,1.0,0.9763899346977968,1.4662077069249169,2.423781694931217,2.3143139375425914
ORD11053,2024-05-31,2024-06-04,Lucknow,Hyderabad,Fedex,Road,Wh-West,10.91,467.9,153.66,4.0,Delivered,4.0,0.1399377680598772,0.43057232853176636,0.3643280484637321,-1.0162288444168688,0.15764315756499922,-0.6884961523191662
ORD10483,2024-11-03,2024-11-16,Hyderabad,Bengaluru,Ekart,Sea,Wh-South,25.01,1039.6124999999997,197.16,5.0,Delivered,13.0,0.32966108821797996,1.0,0.4556304456763854,-0.26446004343063206,2.423781694931217,-0.24056144874594693
ORD10582,2024-07-11,,Jaipur,Mumbai,Dhl,Road,Wh-North,43.78,326.3,273.21,5.0,Delayed,,0.582221848456816,0.289538227860709,0.6152522228722999,0.7362988497971453,-0.4036270908396735,0.5425519812941293
ORD11188,2024-01-22,2024-01-26,Pune,Jaipur,Ekart,Road,Wh-South,9.96,382.4,191.75,5.0,Delivered,4.0,0.1271549911697923,0.3454140262197931,0.44427536593108763,-1.0668799338450194,-0.18125942886578844,-0.29627010958114497
ORD10955,2024-05-26,2024-05-28,Delhi,Lucknow,Dhl,Road,Wh-South,14.34,322.6,136.24,4.0,Delivered,2.0,0.1860903204103944,0.2858530147782026,0.3277651114650099,-0.8333517531131247,-0.4182930507203041,-0.8678759807386024
ORD10671,2024-08-20,,Kolkata,Pune,Xpressbees,Road,Wh-West,26.0,739.2,272.37,5.0,Delayed,,0.3429820872929105,0.700788087797712,0.6134891420985383,-0.21167627655287513,1.2330147563798848,0.5339022077078881
ORD10063,2024-02-11,2024-02-14,Chennai,Lucknow,Ekart,Rail,Wh-East,51.4,345.7,299.06,4.0,Delivered,3.0,0.6847531746699184,0.3088606964554725,0.6695089347791294,1.1425739039471539,-0.3267298957898809,0.8087384660612035
ORD10450,2024-11-21,,Kolkata,Pune,Dhl,Road,Wh-West,45.72,625.6,321.03,1.0,Delayed,,0.6083256244218316,0.5876420861294059,0.715621892635727,0.839733706103053,0.7827301503151188,1.0349712347394475
ORD10292,2024-10-26,2024-11-06,Pune,Chennai,Dhl,Sea,Wh-North,74.82875000000001,1024.6,456.51875000000007,4.0,Delivered,11.0,1.0,0.9850474969186143,1.0,2.3917230738837714,2.3642755536587945,2.430146247814299
ORD10088,2024-03-30,,Mumbai,Pune,Dhl,Air,Wh-Central,20.15,109.2,112.28,5.0,Delayed,,0.2642670927592296,0.07330586023580385,0.2774753312991438,-0.5235803535578032,-1.2641621962680245,-1.1146004749366332
ORD11065,2024-09-06,,Mumbai,Pune,Bluedart,Road,Wh-South,35.37,636.4,333.31,4.0,Cancelled,,0.46906063409301146,0.5983989243161815,0.7413964544235748,0.2879034160174111,0.8255388980747971,1.1614226866906923
ORD10572,2024-07-11,2024-07-17,Kolkata,Chennai,Dhl,Rail,Wh-East,39.71,493.5,319.54,5.0,Delivered,6.0,0.527457741148768,0.45607001904856775,0.7124945231679832,0.5192989192996997,0.25911574484720007,1.0196281839733767
ORD11154,2024-10-10,2024-10-11,Chennai,Ahmedabad,Xpressbees,Air,Wh-North,73.51,215.8,390.3,3.0,Delivered,1.0,0.9822554873433689,0.17947983715342197,0.8610130893005659,2.3214113642170617,-0.8416240007882354,1.7482686351191465
ORD10726,2024-12-03,2024-12-08,Kolkata,Chennai,Delhivery,Road,Wh-South,36.25,411.6,182.43,3.0,Delivered,5.0,0.4809015221596165,0.3744973294655197,0.4247135649650663,0.33482231990875083,-0.06551725899702802,-0.39224140699039556
ORD10643,2024-10-01,2024-10-20,Jaipur,Pune,Delhivery,Sea,Wh-East,16.96,1039.6124999999997,233.52,3.0,Delivered,19.0,0.22134387351778653,1.0,0.5319466563120652,-0.6936613801639091,2.423781694931217,0.13385017934421992
ORD10655,2024-07-21,2024-07-31,Mumbai,Kolkata,Delhivery,Sea,Wh-Central,25.52,859.6,187.28,1.0,Delivered,10.0,0.33652342107476235,0.8207069135095432,0.4348932575278563,-0.2372684059481513,1.710253018441485,-0.3422992618793585
ORD10214,2024-06-06,2024-06-08,Hyderabad,Delhi,Xpressbees,Road,Wh-Central,6.32,261.2,88.67,5.0,Delivered,2.0,0.07817677234883526,0.22469839767931182,0.22792016812234517,-1.2609535817591968,-0.6616687092799576,-1.3577208968070629
ORD10495,2024-04-23,2024-04-27,Chennai,Ahmedabad,Bluedart,Road,Wh-South,33.05,535.1,263.64,3.0,Delivered,4.0,0.4378437473719619,0.49750376613836994,0.5951656954855161,0.16420812394024306,0.4240086991807764,0.4440063465080211
ORD10668,2024-12-11,2024-12-12,Pune,Ahmedabad,Delhivery,Air,Wh-South,24.86,94.6,124.38,4.0,Delivered,1.0,0.3276427550248086,0.058764208612940586,0.3028720900640428,-0.272457583866656,-1.3220332812024047,-0.9900025458967262
ORD10405,2024-07-31,2024-08-02,Pune,Jaipur,Bluedart,Air,Wh-West,33.13,210.5,228.39,4.0,Delivered,2.0,0.43892019174165336,0.17420101841361543,0.5211792701580212,0.16847347883945604,-0.8626319973740035,0.08102477637110207
ORD10718,2024-06-17,2024-06-27,Delhi,Pune,Delhivery,Sea,Wh-North,32.61,941.6,303.04,4.0,Delivered,10.0,0.43192330333865947,0.9023792034461725,0.6778625793976665,0.1407486719945734,2.035282399579784,0.8497219171007764
ORD10983,2024-08-07,2024-08-08,Jaipur,Hyderabad,Delhivery,Air,Wh-Central,13.95,166.4,153.03,5.0,Delivered,1.0,0.18084265410814898,0.13027726248428187,0.36300573788341095,-0.8541453582467866,-1.037434384059357,-0.6949834825088472
ORD11197,2024-05-08,,Kolkata,Ahmedabad,Bluedart,Road,Wh-Central,42.61,410.8,321.36,5.0,Delayed,,0.5664788495500799,0.37370052663686965,0.7163145315111333,0.6739180343961596,-0.06868827734959684,1.0383693600769
ORD10756,2024-04-10,2024-04-14,Pune,Lucknow,Dhl,Road,Wh-Central,60.13,399.8,387.89,5.0,Delivered,4.0,0.8022201665124884,0.3627444877429316,0.8559547266044165,1.608030757323739,-0.11228977969741748,1.7234520228062393
ORD10390,2024-02-19,2024-02-19,Hyderabad,Delhi,Ekart,Air,Wh-South,12.47,103.9,97.95,5.0,Delivered,0.0,0.1609284332688588,0.06802704149599734,0.24739801286104454,-0.9330544238822214,-1.2851701928537924,-1.2621614933781096
ORD10053,2024-10-07,2024-10-10,Delhi,Jaipur,Delhivery,Road,Wh-Central,10.18,334.3,104.21,4.0,Delivered,3.0,0.1301152131864435,0.2975062561472094,0.26053716243693437,-1.0551502078721846,-0.3719169073139858,-1.1977000854615958
ORD11023,2024-06-12,2024-06-16,Mumbai,Kolkata,Delhivery,Rail,Wh-South,41.89,429.3,267.93,4.0,Delivered,4.0,0.5567908502228576,0.39212659204940187,0.6041700008657985,0.6355298403032456,0.0046415220535560376,0.4881819758948974
ORD10939,2024-10-18,2024-10-21,Mumbai,Ahmedabad,Delhivery,Road,Wh-West,4.66,321.2,130.98,5.0,Delivered,3.0,0.055840551677739464,0.2844586098280649,0.31672486757216944,-1.3494596959178602,-0.42384233283729955,-0.9220400391476861
ORD10017,2024-11-21,2024-11-26,Hyderabad,Pune,Xpressbees,Road,Wh-East,36.93,578.7,206.22,5.0,Delivered,5.0,0.4900512993019931,0.5409295202997972,0.4746465311648138,0.37107783655205867,0.5968291993957746,-0.14726746220862816
ORD10167,2024-02-08,2024-02-10,Bengaluru,Mumbai,Fedex,Air,Wh-East,11.05,287.8,142.9,2.0,Delivered,2.0,0.1418215457068371,0.25119209173192575,0.3417438233141195,-1.0087644733432466,-0.5562323490570458,-0.7992956330191164
ORD10714,2024-10-03,2024-10-09,Kolkata,Delhi,Delhivery,Rail,Wh-North,45.9,696.1,329.67,5.0,Delivered,6.0,0.6107476242536372,0.6578603354041909,0.7337564377372746,0.8493307546262815,1.062176142635242,1.1239403344836458
ORD10656,2024-06-14,2024-06-15,Ahmedabad,Mumbai,Ekart,Air,Wh-Central,20.12,96.0,104.03,4.0,Delivered,1.0,0.2638634261205954,0.06015861356307817,0.2601593594139855,-0.5251798616450079,-1.3164839990854091,-1.1995536083729332
ORD10619,2024-11-15,2024-11-16,Delhi,Chennai,Delhivery,Air,Wh-South,36.58,210.7,169.95999999999998,4.0,Delivered,1.0,0.48534185518459333,0.1744002191207779,0.398540211097439,0.3524169088680031,-0.8618392427858614,-0.520649355348052
ORD10875,2024-06-11,2024-06-14,Bengaluru,Hyderabad,Delhivery,Road,Wh-Central,16.5,401.1,165.62,4.0,Delivered,3.0,0.2151543183920612,0.3640392923394879,0.38943096043300424,-0.7181871708343821,-0.10713687487449318,-0.5653398522102994
ORD10657,2024-07-15,2024-07-18,Pune,Kolkata,Ekart,Road,Wh-North,18.13,451.3,202.33,1.0,Delivered,3.0,0.2370868724245227,0.41403866983727805,0.4664817880577513,-0.6312805647629236,0.09184452674919731,-0.18732415179253198
ORD10107,2024-01-13,2024-01-18,Ahmedabad,Hyderabad,Fedex,Road,Wh-East,7.88,366.8,139.97,4.0,Delivered,5.0,0.09916743755781683,0.32987637106111733,0.33559402966278445,-1.1777791612245496,-0.24309428674087938,-0.8294668670758873
ORD10425,2024-04-18,,Delhi,Chennai,Dhl,Road,Wh-Central,17.26,191.5,149.12,3.0,Delayed,,0.22538053990412915,0.15527695123317692,0.3547990166626875,-0.6776662992918614,-0.9379436832475119,-0.7352461190828998
ORD10537,2024-12-14,2024-12-17,Mumbai,Chennai,Xpressbees,Road,Wh-West,6.72,497.1,158.7,4.0,Delivered,3.0,0.08355899419729206,0.45965563177749297,0.3749065331063016,-1.2396268072631336,0.27338532743375965,-0.6365975108017174
ORD10649,2024-02-24,2024-02-24,Chennai,Jaipur,Dhl,Air,Wh-Central,34.94,48.4,195.37,2.0,Delivered,0.0,0.4632747456059204,0.012748845258400669,0.4518734045037268,0.26497713343414286,-1.5051595910632514,-0.2589937043642471
ORD10841,2024-05-28,,Bengaluru,Mumbai,Dhl,Road,Wh-East,35.59,363.1,279.01,5.0,Delayed,,0.47202085610966277,0.3261911579786109,0.627425875833987,0.2996331419902463,-0.2577602466215099,0.6022766084372253
ORD10630,2024-06-26,2024-06-27,Mumbai,Kolkata,Fedex,Air,Wh-Central,48.48,140.8,221.58,5.0,Delivered,1.0,0.6454629551761836,0.10477957196748053,0.5068857224564541,0.9868884501258907,-1.1389069713415578,0.010899826225501818
ORD10519,2024-01-13,2024-01-14,Bengaluru,Hyderabad,Dhl,Air,Wh-West,63.08,148.0,360.37,5.0,Delivered,1.0,0.8419140526448574,0.1119507974253309,0.7981928422068942,1.7653157192322066,-1.110367806168439,1.4400689643617568
ORD10754,2024-01-14,,Jaipur,Chennai,Ekart,Rail,Wh-East,74.82875000000001,844.7,456.51875000000007,4.0,In Transit,,1.0,0.8058664608259362,1.0,2.3917230738837714,1.6511928016248918,2.430146247814299
ORD10002,2024-01-17,2024-01-20,Bengaluru,Ahmedabad,Fedex,Rail,Wh-West,33.0,533.9,217.19,5.0,Delivered,3.0,0.43717096964090485,0.49630856189539485,0.4976715265078669,0.16154227712823527,0.419252171651923,-0.03430553811211747
ORD10825,2024-05-23,,Ahmedabad,Chennai,Dhl,Road,Wh-West,16.63,289.9,152.84,4.0,Delayed,,0.21690354049280963,0.25328369915713206,0.36260694580363156,-0.7112559691231615,-0.5479084258815529,-0.6969399789152589
ORD10042,2024-06-22,2024-06-26,Ahmedabad,Pune,Delhivery,Road,Wh-East,16.25,638.1,209.89,2.0,Delivered,4.0,0.2117904297367757,0.6000921303270629,0.48234951502160556,-0.7315164048944217,0.8322773120740059,-0.10947618951635897
ORD10590,2024-04-25,,Pune,Ahmedabad,Ekart,Road,Wh-East,25.64,493.8,263.23,3.0,Cancelled,,0.3381380876292994,0.4563688201093115,0.5943051441554659,-0.2308703735993322,0.2603048767294134,0.439784433209975
ORD10086,2024-10-22,2024-10-23,Bengaluru,Lucknow,Delhivery,Air,Wh-South,74.82875000000001,166.5,402.48,5.0,Delivered,1.0,1.0,0.13037686283786312,0.8865777605201087,2.3917230738837714,-1.037038006765286,1.8736903521196482
ORD10647,2024-01-24,2024-01-25,Bengaluru,Chennai,Fedex,Road,Wh-Central,50.34,219.8,236.48,5.0,Delivered,1.0,0.6704902867715079,0.18346385129667217,0.5381594171338917,1.086057951532586,-0.8257689090253915,0.16433033388621346
ORD10372,2024-09-26,2024-09-27,Mumbai,Hyderabad,Fedex,Air,Wh-Central,10.27,105.3,121.45,4.0,Delivered,1.0,0.1313262131023463,0.06942144644613489,0.2967222964127078,-1.0503516836105704,-1.2796209107367973,-1.020173779953497
ORD10213,2024-08-18,2024-08-20,Lucknow,Mumbai,Delhivery,Road,Wh-Central,22.1,275.7,171.66,5.0,Delivered,2.0,0.2905054242704566,0.23914044894859382,0.4021083507586231,-0.4196123278894937,-0.6041940016396485,-0.5031438611854203
ORD10542,2024-09-24,2024-09-28,Ahmedabad,Pune,Ekart,Road,Wh-North,6.99,633.7,202.33,4.0,Delivered,4.0,0.08719199394500042,0.5957097147694876,0.4664817880577513,-1.2252312344782905,0.8148367111348778,-0.18732415179253198
ORD10430,2024-01-09,2024-01-24,Bengaluru,Jaipur,Ekart,Sea,Wh-East,48.06,1039.6124999999997,456.51875000000007,4.0,Delivered,15.0,0.639811622235304,1.0,1.0,0.9644953369050243,2.423781694931217,2.430146247814299
ORD10798,2024-01-08,2024-01-11,Bengaluru,Pune,Bluedart,Road,Wh-Central,30.15,387.4,215.93,5.0,Delivered,3.0,0.39882263897065,0.3503940438988559,0.49502690534722454,0.009589008843783105,-0.1614405641622336,-0.04728019849147959
ORD10880,2024-09-08,2024-09-09,Lucknow,Chennai,Ekart,Air,Wh-Central,18.38,114.6,105.87,2.0,Delivered,1.0,0.2404507610798082,0.07868427932919164,0.26402134587079656,-0.6179513307028839,-1.2427578223881854,-1.1806064852792615
ORD10065,2024-06-04,2024-06-06,Pune,Mumbai,Ekart,Road,Wh-East,15.55,293.9,188.64,4.0,Delivered,2.0,0.20237154150197628,0.25726771330038223,0.43774776925680364,-0.7688382602625328,-0.532053334118709,-0.32829486654925344
ORD10777,2024-06-28,2024-06-29,Mumbai,Chennai,Xpressbees,Air,Wh-Central,12.0,193.4,132.46,4.0,Delivered,1.0,0.15460432259692203,0.15716935795122078,0.31983124798308277,-0.9581133839150959,-0.9304125146601611,-0.906799961876689
ORD10266,2024-05-04,,Chennai,Bengaluru,Dhl,Sea,Wh-East,27.83,1039.6124999999997,333.5,4.0,In Transit,,0.36760575224960046,1.0,0.7417952465033543,-0.11410628323338493,2.423781694931217,1.1633791830971039
ORD10885,2024-10-26,2024-10-26,Pune,Lucknow,Ekart,Air,Wh-West,16.06,77.0,103.99,1.0,Delivered,0.0,0.20923387435875868,0.04123454638263967,0.2600754031866635,-0.741646622780052,-1.3917956849589177,-1.1999655023532305
ORD10862,2024-05-06,2024-05-10,Hyderabad,Kolkata,Ekart,Road,Wh-Central,26.57,475.3,130.12,5.0,Delivered,4.0,0.35065175342696153,0.4379427546967793,0.314919808684747,-0.18128562289598468,0.1869750773262605,-0.930895759724076
ORD10654,2024-10-06,2024-10-07,Jaipur,Ahmedabad,Fedex,Air,Wh-North,25.59,126.2,169.95999999999998,5.0,Delivered,1.0,0.3374653098982423,0.09023792034461725,0.398540211097439,-0.23353622041134017,-1.196778056275938,-0.520649355348052
ORD10333,2024-10-24,2024-10-28,Pune,Lucknow,Xpressbees,Road,Wh-South,14.08,509.3,137.98,4.0,Delivered,4.0,0.18259187620889747,0.4718068749144061,0.33141720735351593,-0.847214156535566,0.32174335731043335,-0.8499585925956737
ORD10407,2024-08-25,2024-08-26,Kolkata,Mumbai,Delhivery,Air,Wh-West,8.67,150.7,117.42,5.0,Delivered,1.0,0.10979732570851904,0.11464000697202478,0.2882637065100183,-1.135658781594824,-1.0996656192285195,-1.0616720984684411
ORD10982,2024-01-01,2024-01-05,Ahmedabad,Delhi,Fedex,Road,Wh-North,27.49,400.0,198.89,4.0,Delivered,4.0,0.36303086367841214,0.36294368845009406,0.45926155250806106,-0.13223404155503884,-0.11149702510927534,-0.22274703409809257
ORD10675,2024-11-24,2024-11-28,Pune,Kolkata,Xpressbees,Road,Wh-East,17.02,316.3,105.33,3.0,Delivered,4.0,0.22215120679505504,0.2795781925025835,0.26288793680194983,-0.6904623639894997,-0.4432648202467832,-1.1861670540132738
ORD10932,2024-10-20,2024-10-22,Delhi,Mumbai,Dhl,Road,Wh-North,26.2,204.7,330.65,2.0,Delivered,2.0,0.34567319821713893,0.1684241979059026,0.7358133653066631,-0.20101288930484343,-0.8856218804301272,1.1340317370009272
ORD11120,2024-12-22,2024-12-29,Chennai,Kolkata,Ekart,Road,Wh-South,43.84,506.6,219.67,4.0,Delivered,7.0,0.5830291817340846,0.4691176653677122,0.5028768126018296,0.739497865971555,0.3110411703705138,-0.008768111333690364
ORD10253,2024-08-11,2024-08-12,Pune,Mumbai,Ekart,Air,Wh-South,34.02,219.7,255.22,3.0,Delivered,1.0,0.4508956353544698,0.1833642509430909,0.5774929096342393,0.21592555209319725,-0.8261652863194627,0.3573026636554579
ORD10129,2024-05-14,2024-05-16,Bengaluru,Lucknow,Xpressbees,Road,Wh-South,36.18,176.9,229.12,4.0,Delivered,2.0,0.47995963333613656,0.14073529961031367,0.5227114713066474,0.3310901343719397,-0.995814768181892,0.0885418415115264
ORD10780,2024-03-24,2024-03-29,Chennai,Jaipur,Fedex,Road,Wh-West,31.53,569.0,229.08,4.0,Delivered,5.0,0.417391304347826,0.5312682860024155,0.5226275150793255,0.08316638085520214,0.558380601870878,0.08812994753122927
ORD10420,2024-04-23,2024-04-27,Delhi,Pune,Delhivery,Road,Wh-South,34.59,276.1,167.0,3.0,Delivered,4.0,0.45856530148852076,0.2395388503629189,0.3923274502756125,0.24631620575008767,-0.602608492463364,-0.5511295098900456
ORD10716,2024-04-06,2024-04-11,Hyderabad,Bengaluru,Fedex,Road,Wh-North,24.67,653.5,196.8,4.0,Delivered,5.0,0.32508619964679164,0.6154305847785762,0.45487483963048764,-0.282587801752286,0.8933194153609547,-0.2442684945686217
ORD10124,2024-06-13,2024-06-16,Kolkata,Lucknow,Delhivery,Road,Wh-West,57.39,385.4,295.39,5.0,Delivered,3.0,0.7653519468505592,0.3484020368272308,0.6618059509223377,1.4619423520257042,-0.16936811004365554,0.770947193368934
ORD10307,2024-12-05,2024-12-06,Mumbai,Delhi,Fedex,Air,Wh-West,11.35,188.0,-0.16,4.0,Delivered,1.0,0.1458582120931797,0.15179093885783299,0.041474376297058115,-0.992769392471199,-0.9518168885400002,-2.272434453552099
ORD10207,2024-04-30,2024-05-01,Lucknow,Bengaluru,Bluedart,Air,Wh-West,34.61,180.4,215.81,5.0,Delivered,1.0,0.45883441258094354,0.1442213119856576,0.4947750366652586,0.24738254447489064,-0.9819415628894036,-0.048515880432371275
ORD10742,2024-05-31,,Delhi,Ahmedabad,Xpressbees,Road,Wh-Central,32.29,615.7,165.95,4.0,In Transit,,0.42761752585989393,0.5777816511248617,0.3901235993084105,0.1236872523977226,0.7434887982020804,-0.5619417268728475
ORD10603,2024-06-15,2024-06-19,Hyderabad,Pune,Ekart,Road,Wh-South,26.2,538.7,444.11,4.0,Delivered,4.0,0.34567319821713893,0.5010893788672951,0.9739552041054594,-0.20101288930484343,0.43827828176733596,2.3023690121139726
ORD11132,2024-12-16,2024-12-31,Delhi,Mumbai,Dhl,Sea,Wh-West,26.76,1039.6124999999997,273.82,4.0,Delivered,15.0,0.3532083088049785,1.0,0.61653255533896,-0.17115540501035448,2.423781694931217,0.5488333644936619
ORD10562,2024-08-22,2024-08-27,Ahmedabad,Hyderabad,Bluedart,Road,Wh-North,29.04,446.1,159.15,4.0,Delivered,5.0,0.3838869733411823,0.4088594514510528,0.3758510406636739,-0.04959279038279294,0.07123290745750033,-0.6319637035233736
ORD10702,2024-05-25,2024-05-29,Bengaluru,Jaipur,Fedex,Road,Wh-East,49.63,638.7,316.91,5.0,Delivered,4.0,0.660936842990497,0.6006897324485504,0.7069744012215631,1.0482029268020734,0.8346555758384326,0.992546154768835
ORD10365,2024-05-07,2024-05-12,Mumbai,Jaipur,Fedex,Road,Wh-South,64.13,349.8,307.6,1.0,Delivered,5.0,0.8560423849970564,0.31294431095230396,0.6874335893123722,1.821298502284373,-0.31047842673296583,0.8966778308546587
ORD10234,2024-01-21,2024-01-26,Jaipur,Bengaluru,Xpressbees,Road,Wh-East,37.01,584.3,257.15,4.0,Delivered,5.0,0.49112774367168444,0.5465071401003474,0.5815437976025248,0.37534319145127126,0.6190263278637557,0.3771765482047982
ORD10998,2024-04-05,,Hyderabad,Ahmedabad,Bluedart,Road,Wh-Central,60.23,304.8,422.88,5.0,In Transit,,0.8035657219746025,0.2681241518407391,0.9293954364543184,1.6133624509477544,-0.48884820906495935,2.0837562820712265
ORD10734,2024-03-17,2024-03-20,Jaipur,Lucknow,Dhl,Road,Wh-South,48.1,211.1,255.7,4.0,Delivered,3.0,0.6403498444201496,0.17479862053510295,0.5785003843621032,0.9666280143546306,-0.860253733609577,0.36224539141902434
ORD10257,2024-09-15,2024-09-20,Chennai,Kolkata,Dhl,Rail,Wh-North,26.91,699.4,456.51875000000007,2.0,Delivered,5.0,0.3552266419981498,0.6611471470723722,1.0,-0.16315786457433076,1.0752565933395881,2.430146247814299
ORD10146,2024-10-04,2024-10-06,Jaipur,Chennai,Fedex,Road,Wh-East,9.11,190.9,73.58,5.0,Delivered,2.0,0.11571776974182153,0.1546793491116894,0.1962476813651282,-1.1121993296491544,-0.9403219470119385,-1.513107900874187
ORD10832,2024-07-03,2024-07-07,Kolkata,Bengaluru,Ekart,Road,Wh-South,26.2,458.5,292.01,4.0,Delivered,4.0,0.34567319821713893,0.4212098952951284,0.6547116497136305,-0.20101288930484343,0.12038369192231622,0.7361421520338195
ORD10415,2024-01-12,2024-01-15,Mumbai,Delhi,Fedex,Road,Wh-Central,28.59,280.6,117.11,5.0,Delivered,3.0,0.37783197376166844,0.24402086627407538,0.28761304574827296,-0.07358541169086429,-0.5847715142301647,-1.0648642768157446
ORD10144,2024-09-08,,Ahmedabad,Bengaluru,Xpressbees,Rail,Wh-Central,46.8,479.9,227.21,3.0,Delayed,,0.6228576234126649,0.442524370961517,0.5187025614520229,0.8973159972424242,0.20520843285353083,0.06887390395233452
ORD11039,2024-02-21,2024-02-27,Mumbai,Pune,Bluedart,Road,Wh-West,62.35,551.2,437.04,4.0,Delivered,6.0,0.8320914977714238,0.513539423064952,0.9591159409262995,1.726394355776891,0.48782544352622303,2.2295667510964403
ORD10025,2024-03-31,2024-04-05,Kolkata,Pune,Ekart,Road,Wh-South,13.65,382.5,159.78,4.0,Delivered,5.0,0.1768059877218064,0.3455136265733744,0.3771733512439951,-0.8701404391188342,-0.18086305157171725,-0.6254763733336925
ORD10153,2024-08-10,2024-08-13,Chennai,Pune,Delhivery,Road,Wh-West,26.2,484.1,216.36,2.0,Delivered,3.0,0.34567319821713893,0.44670758581192976,0.4959294347909359,-0.20101288930484343,0.22185627920451706,-0.042852338203284476
ORD11075,2024-03-05,2024-03-12,Ahmedabad,Delhi,Xpressbees,Rail,Wh-South,74.82875000000001,790.6,456.51875000000007,4.0,Delivered,7.0,1.0,0.751982669538477,1.0,2.3917230738837714,1.4367526855324284,2.430146247814299
ORD10350,2024-04-17,,Chennai,Jaipur,Bluedart,Road,Wh-Central,8.13,345.3,156.79,5.0,In Transit,,0.10253132621310235,0.30846229504114747,0.370897623251677,-1.1644499271645097,-0.3283154049661652,-0.6562654483609093
ORD10707,2024-06-05,,Kolkata,Bengaluru,Ekart,Road,Wh-Central,20.92,334.3,209.6,1.0,Cancelled,,0.27462786981750903,0.2975062561472094,0.4817408323735211,-0.4825263126528809,-0.3719169073139858,-0.11246242087351369
ORD10593,2024-05-04,2024-05-05,Pune,Jaipur,Delhivery,Air,Wh-West,24.82,115.7,162.09,4.0,Delivered,1.0,0.32710453283996294,0.07977988321858544,0.38202182337183943,-0.2745902613162623,-1.2383976721534031,-0.6016894959715284
ORD10774,2024-08-19,2024-08-21,Pune,Bengaluru,Ekart,Air,Wh-South,11.76,129.2,169.95999999999998,5.0,Delivered,2.0,0.15137498948784794,0.0932259309520549,0.398540211097439,-0.9709094486127341,-1.1848867374538052,-0.520649355348052
ORD11008,2024-04-26,2024-04-29,Jaipur,Hyderabad,Dhl,Road,Wh-East,15.69,403.4,165.62,4.0,Delivered,3.0,0.20425531914893613,0.3663301004718567,0.38943096043300424,-0.7613738891889106,-0.09802019711085813,-0.5653398522102994
ORD11006,2024-07-28,2024-08-02,Pune,Kolkata,Xpressbees,Road,Wh-East,55.49,648.0,342.35,4.0,Delivered,5.0,0.7397863930703893,0.6099525653316071,0.7603705617983423,1.3606401731694029,0.8715186641870444,1.2545107262378625
ORD10704,2024-09-24,2024-09-29,Lucknow,Kolkata,Delhivery,Road,Wh-North,4.0,382.4,64.47,4.0,Delivered,5.0,0.04695988562778572,0.3454140262197931,0.17712665059254729,-1.384648873836365,-0.18125942886578844,-1.606916754886877
ORD10881,2024-02-09,2024-02-12,Chennai,Kolkata,Xpressbees,Road,Wh-East,39.96,436.6,215.51,3.0,Delivered,3.0,0.5308216298040535,0.39939741786083355,0.4941453649603437,0.5326281533597393,0.03357706452074614,-0.05160508528460049
ORD10287,2024-09-14,2024-09-15,Chennai,Kolkata,Delhivery,Air,Wh-West,7.51,96.4,58.7,4.0,Delivered,1.0,0.09418888234799427,0.06055701497740319,0.16501596480135167,-1.1975064276334082,-1.3148984899091247,-1.6663324615447501
ORD11176,2024-12-26,,Pune,Chennai,Dhl,Road,Wh-South,26.37,192.8,194.37,5.0,In Transit,,0.3479606425027331,0.15657175582973326,0.4497744988206773,-0.19194901014401639,-0.9327907784245876,-0.26929105387167745
ORD10822,2024-04-06,2024-04-09,Chennai,Kolkata,Delhivery,Road,Wh-East,15.19,326.0,125.82,5.0,Delivered,3.0,0.19752754183836513,0.2892394267999652,0.3058945142476341,-0.7880323573089899,-0.4048162227218869,-0.9751743626060265
ORD11090,2024-08-17,2024-08-23,Bengaluru,Pune,Xpressbees,Rail,Wh-North,53.83,799.1,366.48,5.0,Delivered,6.0,0.7174501723992935,0.7604486995928837,0.8110171559303267,1.2721340590107395,1.4704447555284716,1.5029857698521563
ORD10317,2024-11-01,2024-11-06,Hyderabad,Chennai,Bluedart,Road,Wh-West,74.82875000000001,670.6,432.41,4.0,Delivered,5.0,1.0,0.6324622452409708,0.9493980076137802,2.3917230738837714,0.9610999326471124,2.1818900228770377
ORD10101,2024-12-29,,Hyderabad,Delhi,Dhl,Road,Wh-North,25.74,385.0,201.43,2.0,Delayed,,0.3394836430914136,0.3480036354129058,0.4645927729430068,-0.22553867997531646,-0.17095361921993985,-0.19659176634921932
ORD10480,2024-05-18,,Delhi,Ahmedabad,Fedex,Air,Wh-South,25.96,106.9,86.41,4.0,Cancelled,,0.34244386510806485,0.071015052103435,0.2231766412786533,-0.21380895400248143,-1.2732788740316596,-1.3809929066938558
ORD10681,2024-11-15,,Chennai,Delhi,Fedex,Road,Wh-North,36.92,269.2,235.34,1.0,In Transit,,0.4899167437557817,0.23266642596581225,0.5357666646552153,0.3705446671896572,-0.6299585257542698,0.15259135544774302
ORD10301,2024-11-22,2024-11-26,Kolkata,Ahmedabad,Fedex,Road,Wh-South,18.46,407.7,177.91,3.0,Delivered,4.0,0.24152720544949957,0.37061291567585075,0.4152265112776825,-0.6136859758036711,-0.08097597346580093,-0.43878542676398075
ORD10611,2024-02-04,2024-02-10,Mumbai,Bengaluru,Dhl,Rail,Wh-Central,16.96,895.0,195.41,2.0,Delivered,6.0,0.22134387351778653,0.8559654386773076,0.45195736073104875,-0.6936613801639091,1.8505705805426533,-0.25858181038395
ORD11019,2024-10-31,2024-11-05,Jaipur,Lucknow,Delhivery,Road,Wh-Central,60.75,784.9,387.07,4.0,Delivered,5.0,0.8105626103775965,0.7463054493843455,0.8542336239443159,1.6410872577926372,1.4141591797703756,1.7150081962101464
ORD10201,2024-12-09,,Delhi,Jaipur,Bluedart,Road,Wh-East,28.01,491.0,249.67,5.0,In Transit,,0.37002775208140604,0.4535800102090364,0.5658439830933145,-0.1045092347101562,0.24920631249542263,0.30015237388921945
ORD10846,2024-06-17,,Chennai,Kolkata,Bluedart,Road,Wh-West,26.2,332.7,242.98,5.0,In Transit,,0.34567319821713893,0.2959126504899093,0.5518023040737134,-0.20101288930484343,-0.37825894401912347,0.23126310568451058
ORD11160,2024-04-07,,Pune,Ahmedabad,Bluedart,Road,Wh-North,10.82,528.4,103.94,5.0,In Transit,,0.13872676814397442,0.4908305424484258,0.25997045790251105,-1.021027368678483,0.3974514204780127,-1.200480369828602
ORD11152,2024-08-26,2024-08-31,Hyderabad,Chennai,Bluedart,Road,Wh-West,1.73,779.6,111.62,1.0,Delivered,5.0,0.016415776637793287,0.741026630644539,0.2760900535483312,-1.505678319101525,1.3931511831846077,-1.1213967256115371
ORD10272,2024-11-07,2024-11-08,Kolkata,Ahmedabad,Fedex,Air,Wh-West,21.71,94.0,86.02,2.0,Delivered,1.0,0.28525775796821123,0.05816660649145306,0.222358068062264,-0.4404059330231556,-1.3244115449668312,-1.3850088730017536
ORD11064,2024-04-06,2024-04-17,Kolkata,Chennai,Bluedart,Sea,Wh-Central,14.53,1039.6124999999997,269.125,5.0,Delivered,11.0,0.18864687578841138,1.0,0.6066781931570426,-0.8232215352274946,2.423781694931217,0.5004873085562765
ORD11171,2024-02-26,2024-03-01,Jaipur,Ahmedabad,Xpressbees,Rail,Wh-Central,16.82,443.2,106.42,4.0,Delivered,4.0,0.21946009587082663,0.40597104119719635,0.2651757439964738,-0.7011257512375313,0.059737965929438384,-1.1749429430501748
ORD10304,2024-01-31,2024-01-31,Ahmedabad,Lucknow,Delhivery,Air,Wh-South,12.0,56.5,99.53,4.0,Delivered,0.0,0.15460432259692203,0.020816473898482343,0.25071428384026273,-0.9581133839150959,-1.4730530302434923,-1.2458916811563698
ORD10580,2024-07-01,2024-07-05,Kolkata,Bengaluru,Bluedart,Road,Wh-South,44.87,404.4,217.6,3.0,Delivered,4.0,0.5968884029938608,0.3673261040076693,0.49853207783791714,0.7944143102989181,-0.09405642417014717,-0.03008362481407107
ORD10686,2024-03-12,,Jaipur,Hyderabad,Delhivery,Road,Wh-North,66.48,175.6,389.6,5.0,Delayed,,0.8876629383567403,0.13944049501375733,0.8595438553224312,1.9465933024487463,-1.0009676730048163,1.7410604904639455
ORD10615,2024-11-02,2024-11-07,Ahmedabad,Chennai,Delhivery,Road,Wh-South,7.52,598.9,139.81,4.0,Delivered,5.0,0.09432343789420569,0.5610487917232108,0.3352582047534966,-1.1969732582710066,0.6768974127981359,-0.8311144429970762
ORD10048,2024-12-25,2025-01-03,Chennai,Mumbai,Bluedart,Rail,Wh-South,43.9,1039.6124999999997,342.62,4.0,Delivered,9.0,0.583836515011353,1.0,0.7609372663327657,0.7426968821459642,2.423781694931217,1.2572910106048685
ORD10193,2024-06-22,2024-06-23,Delhi,Chennai,Fedex,Air,Wh-Central,12.56,83.7,142.12,5.0,Delivered,1.0,0.16213943318476157,0.047907770072583775,0.340106676881341,-0.928255899620607,-1.3652384062561542,-0.807327565634912
ORD10476,2024-11-01,2024-11-04,Ahmedabad,Bengaluru,Bluedart,Road,Wh-South,74.82875000000001,291.4,456.51875000000007,3.0,Delivered,3.0,1.0,0.2547777044608509,1.0,2.3917230738837714,-0.5419627664704865,2.430146247814299
ORD10945,2024-03-09,,Mumbai,Ahmedabad,Dhl,Road,Wh-East,65.31,284.9,366.79,4.0,In Transit,,0.871919939450004,0.2483036814780693,0.8116678166920721,1.8842124870477606,-0.5677272905851077,1.5061779481994597
ORD10478,2024-02-04,2024-02-13,Hyderabad,Pune,Bluedart,Sea,Wh-South,27.42,1039.6124999999997,289.25,4.0,Delivered,9.0,0.36208897485493224,1.0,0.6489186700284139,-0.13596622709184977,2.423781694931217,0.707721467393312
ORD11162,2024-07-12,,Kolkata,Pune,Ekart,Road,Wh-West,17.99,294.7,34.78,1.0,Delayed,,0.2352030947775628,0.2580645161290323,0.11481014086280764,-0.6387449358365458,-0.5288823157661402,-1.9126450617624835
ORD11109,2024-07-10,,Lucknow,Hyderabad,Fedex,Road,Wh-East,13.86,314.7,136.02,2.0,In Transit,,0.17963165419224622,0.2779845868452833,0.327303352214739,-0.8589438825084009,-0.4496068569519208,-0.870141397630237
ORD10325,2024-12-29,2025-01-13,Ahmedabad,Pune,Dhl,Sea,Wh-Central,42.49,1039.6124999999997,456.51875000000007,5.0,Delivered,15.0,0.5648641829955429,1.0,1.0,0.6675200020473407,2.423781694931217,2.430146247814299
ORD11178,2024-02-23,,Hyderabad,Kolkata,Xpressbees,Air,Wh-North,24.695,192.5,354.06,4.0,Delayed,,0.3254225885123202,0.15627295476898947,0.7849487473468519,-0.2812548783462821,-0.9339799103068009,1.3750926889698714
ORD10684,2024-05-25,2024-05-31,Hyderabad,Pune,Delhivery,Road,Wh-West,17.99,832.6,149.0,3.0,Delivered,6.0,0.2352030947775628,0.7938148180426042,0.3545471479807215,-0.6387449358365458,1.603231149042289,-0.7364818010237915
ORD11067,2024-07-10,2024-07-13,Hyderabad,Ahmedabad,Fedex,Road,Wh-South,55.44,417.1,323.3,4.0,Delivered,3.0,0.7391136153393322,0.37997534891248874,0.7203864085362494,1.3579743263573947,-0.043716507823117715,1.0583462181213148
ORD10566,2024-10-10,2024-10-19,Jaipur,Hyderabad,Xpressbees,Rail,Wh-South,43.39,701.8,262.96,5.0,Delivered,9.0,0.5769741821545706,0.6635375555583224,0.5937384396210424,0.7155052446634834,1.0847696483972942,0.4370041488429684
ORD10030,2024-05-15,2024-05-20,Bengaluru,Mumbai,Dhl,Road,Wh-Central,14.15,650.1,212.16,4.0,Delivered,5.0,0.18353376503237742,0.6120441727568134,0.48711403092212785,-0.8434819709987549,0.8798425873625375,-0.08610120613449203
ORD10003,2024-03-07,2024-03-10,Ahmedabad,Bengaluru,Xpressbees,Road,Wh-South,17.31,384.8,219.65,4.0,Delivered,3.0,0.2260533176351862,0.3478044347057433,0.5028348344881687,-0.6750004524798536,-0.171746373808082,-0.008974058323838782
ORD10177,2024-06-17,2024-06-19,Ahmedabad,Chennai,Fedex,Road,Wh-North,19.35,382.4,181.74,3.0,Delivered,2.0,0.253502649062316,0.3454140262197931,0.42326532004376216,-0.5662339025499299,-0.18125942886578844,-0.39934657815052244
ORD10342,2024-09-26,,Hyderabad,Jaipur,Bluedart,Rail,Wh-West,25.77,710.8,260.36,4.0,Delayed,,0.3398873097300479,0.6725015873806354,0.5882812848451139,-0.22393917188811163,1.120443604863693,0.4102310401236499
ORD10136,2024-04-02,2024-04-16,Delhi,Mumbai,Delhivery,Sea,Wh-Central,36.2,1039.6124999999997,255.2,5.0,Delivered,14.0,0.48022874442855945,1.0,0.5774509315205784,0.332156473096743,2.423781694931217,0.3570967166653092
ORD10447,2024-12-17,2024-12-25,Kolkata,Pune,Ekart,Sea,Wh-North,16.42,735.2,148.73,5.0,Delivered,8.0,0.21407787402236986,0.6968040736544617,0.3539804434462981,-0.7224525257335946,1.2171596646170408,-0.7392620853907977
ORD10664,2024-11-28,2024-12-03,Jaipur,Chennai,Bluedart,Road,Wh-West,56.25,569.9,349.07,3.0,Delivered,5.0,0.7500126145824573,0.5321646891846468,0.7744752079884349,1.4011610447119234,0.5619479975175178,1.323708914927794
ORD10736,2024-06-30,2024-07-01,Kolkata,Mumbai,Delhivery,Air,Wh-South,18.66,98.7,189.59,2.0,Delivered,1.0,0.24421831637372798,0.06284782310977206,0.4397417296557007,-0.6030225885556394,-1.3057818121454896,-0.31851238451719444
ORD10816,2024-04-16,2024-04-20,Delhi,Lucknow,Dhl,Road,Wh-South,29.74,558.3,232.2,3.0,Delivered,4.0,0.39330586157598174,0.5206110481692211,0.5291761008104399,-0.01227093501468194,0.5159682314052705,0.12025767799441164
ORD10858,2024-07-26,,Chennai,Hyderabad,Bluedart,Road,Wh-South,41.26,505.0,202.33,5.0,In Transit,,0.548313850811538,0.4675240597104121,0.4664817880577513,0.6019401704719455,0.30469913366537615,-0.18732415179253198
ORD10077,2024-11-05,2024-11-14,Kolkata,Mumbai,Ekart,Rail,Wh-South,23.67,1039.6124999999997,195.76,5.0,Delivered,9.0,0.31163064502564963,1.0,0.4526919777201161,-0.33590473799244464,2.423781694931217,-0.25497773805634943
ORD10022,2024-10-27,2024-10-30,Hyderabad,Pune,Bluedart,Road,Wh-Central,11.39,426.7,122.0,3.0,Delivered,3.0,0.1463964342780254,0.38953698285628924,0.29787669453838506,-0.9906367150215927,-0.005664287592292566,-1.0145102377244104
ORD10803,2024-12-28,2025-01-02,Jaipur,Ahmedabad,Xpressbees,Road,Wh-North,21.78,486.4,240.47,1.0,Delivered,5.0,0.28619964679169113,0.4489983939442986,0.5465340508092592,-0.43667374748634447,0.2309729569681521,0.20541675842086057
ORD10850,2024-05-23,,Ahmedabad,Lucknow,Ekart,Air,Wh-East,46.35,174.2,268.54,4.0,In Transit,,0.6168026238331511,0.13804609006361976,0.6054503333324588,0.873323375934353,-1.0065169551218116,0.49446335909443007
ORD10454,2024-08-01,2024-08-01,Delhi,Pune,Delhivery,Air,Wh-West,24.34,69.6,155.15,5.0,Delivered,0.0,0.32064586662181477,0.033864120217626775,0.3674554179314759,-0.30018239071153846,-1.4211276047201788,-0.6731531015530949
ORD11030,2024-06-07,,Ahmedabad,Delhi,Xpressbees,Air,Wh-Central,62.49,80.2,310.41,3.0,Delayed,,0.8339752754183836,0.04442175769723984,0.6933315142817413,1.7338587268505132,-1.3791116115486426,0.925613382970538
ORD10437,2024-12-17,2024-12-18,Delhi,Lucknow,Bluedart,Air,Wh-Central,8.72,223.0,125.71,4.0,Delivered,1.0,0.11047010343957615,0.18665106261127232,0.3056636346224986,-1.1329929347828163,-0.8130848356151165,-0.9763070710518439
ORD10854,2024-02-14,2024-02-15,Lucknow,Ahmedabad,Delhivery,Air,Wh-North,19.9,153.6,143.9,1.0,Delivered,1.0,0.2609032041039441,0.11752841722588118,0.343842728997169,-0.5369095876178428,-1.0881706777004576,-0.7889982835116861
ORD10960,2024-06-04,2024-06-07,Chennai,Kolkata,Ekart,Road,Wh-North,20.12,396.7,209.66,4.0,Delivered,3.0,0.2638634261205954,0.35965687678191266,0.4818667667145041,-0.5251798616450079,-0.12457747581362157,-0.11184457990306784
ORD10254,2024-10-01,,Jaipur,Hyderabad,Fedex,Rail,Wh-East,23.12,555.6,209.14,4.0,Delayed,,0.3042300899840215,0.5179218386225273,0.4807753357593184,-0.3652290529245319,0.5052660444653512,-0.11719920164693172
ORD11098,2024-01-30,2024-02-01,Bengaluru,Kolkata,Fedex,Air,Wh-East,21.05,170.0,195.75,3.0,Delivered,2.0,0.2763770919182575,0.13386287521320706,0.45267098866328564,-0.4755951109416603,-1.0231648014727976,-0.25508071155142364
ORD10789,2024-06-13,,Kolkata,Lucknow,Delhivery,Road,Wh-South,74.82875000000001,232.0,456.51875000000007,4.0,Cancelled,,1.0,0.1956150944335853,1.0,2.3917230738837714,-0.7774108791487178,2.430146247814299
ORD10494,2024-09-06,2024-09-08,Mumbai,Jaipur,Fedex,Air,Wh-Central,20.95,132.4,166.3,5.0,Delivered,2.0,0.27503153645614326,0.09641314226665508,0.3908582162974779,-0.4809268045656762,-1.17220266404353,-0.5583376545452466
ORD10499,2024-11-06,2024-11-06,Mumbai,Chennai,Fedex,Air,Wh-North,12.63,107.4,104.7,5.0,Delivered,0.0,0.16308132200824152,0.07151305387134127,0.26156562622162866,-0.9245237140837959,-1.271296987561304,-1.1926543842029549
ORD10140,2024-07-31,2024-08-07,Chennai,Jaipur,Delhivery,Rail,Wh-North,38.34,515.8,286.07,3.0,Delivered,7.0,0.5090236313178034,0.4782808978971876,0.6422441499563164,0.4462547166506825,0.34750788142505445,0.6749758959596834
ORD11099,2024-12-16,2024-12-20,Pune,Lucknow,Bluedart,Road,Wh-East,25.69,411.9,158.84,3.0,Delivered,4.0,0.33881086536035654,0.3747961305262634,0.37520037990192856,-0.22820452678732422,-0.06432812711481492,-0.635155881870677
ORD11041,2024-09-02,2024-09-16,Ahmedabad,Bengaluru,Delhivery,Sea,Wh-North,13.64,882.5,164.58,5.0,Delivered,14.0,0.17667143217559497,0.8435153944796506,0.3872480985226327,-0.8706736084812358,1.8010234187837662,-0.5760490956980269
ORD10233,2024-05-22,2024-05-25,Ahmedabad,Mumbai,Bluedart,Road,Wh-North,7.5,336.2,121.23,3.0,Delivered,3.0,0.09405432680178286,0.29939866286525324,0.2962605371624369,-1.1980395969958098,-0.36438573872663504,-1.0224391968451316
ORD10343,2024-08-26,2024-08-27,Mumbai,Hyderabad,Delhivery,Air,Wh-West,74.82875000000001,114.5,427.09,2.0,Delivered,1.0,1.0,0.07858467897561039,0.9382318293799569,2.3917230738837714,-1.2431541996822564,2.127108123497508
ORD10597,2024-11-21,,Lucknow,Hyderabad,Bluedart,Air,Wh-North,35.06,101.1,166.55,5.0,Cancelled,,0.4648894121604575,0.06523823159572219,0.39138294271824026,0.27137516578296217,-1.2962687570877836,-0.5557633171683891
ORD11002,2024-09-13,,Lucknow,Bengaluru,Delhivery,Road,Wh-West,23.72,390.5,166.87,3.0,Delayed,,0.3123034227567067,0.3534816548598748,0.39205459253681607,-0.33323889118043687,-0.1491528680460295,-0.5524681653260115
ORD10467,2024-10-30,2024-10-30,Ahmedabad,Delhi,Xpressbees,Air,Wh-West,10.44,78.2,132.47,4.0,Delivered,0.0,0.13361365738794043,0.042429750625614736,0.3198522370399132,-1.0412878044497436,-1.3870391574300645,-0.9066969883816148
ORD10835,2024-10-31,2024-11-04,Delhi,Hyderabad,Ekart,Road,Wh-West,35.33,428.5,239.38,4.0,Delivered,4.0,0.4685224119081658,0.39132978922075184,0.5442462436147353,0.28577073856780477,0.001470503700987219,0.19419264745776146
ORD10223,2024-05-01,2024-05-02,Bengaluru,Jaipur,Dhl,Air,Wh-Central,42.26,141.9,255.9,3.0,Delivered,1.0,0.5617694054326802,0.10587517585687434,0.578920165498713,0.655257106712104,-1.1345468211067757,0.3643048613205106
ORD11021,2024-06-29,,Lucknow,Chennai,Delhivery,Road,Wh-Central,8.2,206.8,107.57,5.0,Delayed,,0.10347321503658227,0.170515805331109,0.2675894855319807,-1.1607177416276988,-0.8772979572546341,-1.16310099111663
ORD11042,2024-05-11,2024-05-14,Hyderabad,Pune,Dhl,Rail,Wh-East,28.32,230.5,175.05,5.0,Delivered,3.0,0.3741989740139601,0.19412108912986648,0.40922364102416103,-0.0879809844757071,-0.7833565385597842,-0.4682358463552313
ORD10796,2024-09-27,2024-09-30,Lucknow,Ahmedabad,Xpressbees,Road,Wh-West,27.75,296.2,174.73,4.0,Delivered,3.0,0.3665293078799091,0.25955852143275115,0.40855199120558505,-0.11837163813259753,-0.5229366563550737,-0.47153099819760924
ORD10018,2024-12-14,2024-12-25,Mumbai,Delhi,Fedex,Sea,Wh-Central,20.92,1039.6124999999997,300.26,4.0,Delivered,11.0,0.27462786981750903,1.0,0.6720276215987888,-0.4825263126528809,2.423781694931217,0.8210952854701198
ORD11194,2024-08-28,2024-08-31,Hyderabad,Ahmedabad,Ekart,Road,Wh-North,14.49,246.4,133.9,5.0,Delivered,3.0,0.1881086536035657,0.20995754534928607,0.32285367216667404,-0.825354212677101,-0.7203325488024798,-0.8919717785859893
ORD11095,2024-08-20,,Ahmedabad,Lucknow,Bluedart,Air,Wh-North,52.75,117.6,346.24,2.0,Cancelled,,0.7029181734084601,0.0816722899366293,0.7685353049054049,1.2145517678713682,-1.2308665035660524,1.2945674158217664
ORD10408,2024-05-05,2024-05-16,Kolkata,Chennai,Dhl,Sea,Wh-East,31.43,1039.6124999999997,269.125,5.0,Delivered,11.0,0.41604574888571183,1.0,0.6066781931570426,0.07783468723118621,2.423781694931217,0.5004873085562765
ORD10512,2024-07-19,2024-07-20,Hyderabad,Delhi,Dhl,Air,Wh-East,13.04,117.9,169.95999999999998,3.0,Delivered,1.0,0.16859809940290973,0.08197109099737307,0.398540211097439,-0.902663770225331,-1.229677371683839,-0.520649355348052
ORD10559,2024-04-27,2024-05-10,Mumbai,Bengaluru,Xpressbees,Sea,Wh-East,14.71,1039.6124999999997,245.53,4.0,Delivered,13.0,0.19106887562021696,1.0,0.5571545135654896,-0.813624486704266,2.423781694931217,0.257521346928458
ORD10269,2024-07-14,2024-07-24,Ahmedabad,Hyderabad,Fedex,Sea,Wh-West,1.04,1039.6124999999997,132.18,3.0,Delivered,10.0,0.007131443949205281,1.0,0.31924355439182894,-1.5424670051072344,2.423781694931217,-0.9096832197387695
ORD10472,2024-02-12,2024-02-13,Mumbai,Ahmedabad,Fedex,Air,Wh-West,74.82875000000001,204.1,446.67,3.0,Delivered,1.0,1.0,0.16782659578441508,0.9793284026540662,2.3917230738837714,-0.8880001441945538,2.3287302268529944
ORD10525,2024-05-01,2024-05-04,Bengaluru,Mumbai,Bluedart,Road,Wh-North,26.2,220.1,273.02,5.0,Delivered,3.0,0.34567319821713893,0.18376265235741593,0.6148534307925204,-0.20101288930484343,-0.8245797771431783,0.5405954848877176
ORD10319,2024-01-05,2024-01-10,Bengaluru,Mumbai,Fedex,Road,Wh-South,27.69,568.8,185.64,4.0,Delivered,5.0,0.3657219746026406,0.5310690852952529,0.4314510522076552,-0.12157065430700698,0.5575878472827357,-0.35918691507154443
ORD10837,2024-08-31,,Bengaluru,Ahmedabad,Bluedart,Air,Wh-Central,64.62,64.0,353.45,3.0,Delayed,,0.862635606761416,0.028286500417076487,0.7836684148801917,1.8474238010420514,-1.4433247331881602,1.3688113057703388
ORD10262,2024-11-16,2024-11-20,Mumbai,Hyderabad,Xpressbees,Road,Wh-East,32.4,548.2,177.06,4.0,Delivered,4.0,0.42909763686821956,0.5105514124575143,0.41344244144709047,0.12955211538414002,0.47593412470409013,-0.4475381738452964
ORD10977,2024-09-22,2024-09-23,Jaipur,Mumbai,Fedex,Air,Wh-Central,52.13,202.1,210.3,4.0,Delivered,1.0,0.6945757295433521,0.16583458871278997,0.48321006635165586,1.18149526740247,-0.8959276900759757,-0.10525427621831228
ORD10386,2024-04-10,2024-04-15,Kolkata,Ahmedabad,Dhl,Rail,Wh-North,36.95,406.3,278.22,3.0,Delivered,5.0,0.49032041039441593,0.36921851072571316,0.6257677403443779,0.372144175276862,-0.0865252555827962,0.5941417023263557
ORD10099,2024-01-19,2024-02-02,Bengaluru,Pune,Bluedart,Sea,Wh-East,74.82875000000001,1039.6124999999997,456.51875000000007,5.0,Delivered,14.0,1.0,1.0,1.0,2.3917230738837714,2.423781694931217,2.430146247814299
ORD10224,2024-01-23,2024-01-30,Kolkata,Lucknow,Bluedart,Rail,Wh-West,61.91,602.2,343.0,1.0,Delivered,7.0,0.8261710537381212,0.5643356033913922,0.7617348504923245,1.702934903831221,0.6899778635024824,1.2612040034176921
ORD10806,2024-10-24,2024-10-24,Mumbai,Jaipur,Delhivery,Air,Wh-South,27.12,122.2,244.88,4.0,Delivered,0.0,0.35805230846858965,0.08625390620136704,0.5557902248715075,-0.1519613079638974,-1.212633148038782,0.25082806974862826
ORD10958,2024-06-19,2024-06-22,Kolkata,Ahmedabad,Dhl,Road,Wh-Central,26.2,254.5,223.29,4.0,Delivered,3.0,0.34567319821713893,0.21802517398936774,0.5104748511744688,-0.20101288930484343,-0.688225987982721,0.02850829388320747
ORD10113,2024-06-11,2024-06-13,Jaipur,Mumbai,Bluedart,Road,Wh-North,25.82,250.2,176.91,5.0,Delivered,2.0,0.340560087461105,0.21374235878537373,0.413127605594633,-0.22127332507610367,-0.7052702116277783,-0.4490827762714111
ORD10666,2024-06-30,2024-07-08,Kolkata,Chennai,Ekart,Rail,Wh-West,74.82875000000001,789.0,262.23,5.0,Delivered,8.0,1.0,0.750389063881177,0.5922062384724164,2.3917230738837714,1.4304106488272907,0.4294870837025447
ORD10638,2024-05-02,,Mumbai,Lucknow,Ekart,Road,Wh-Central,46.66,300.7,214.41,1.0,Delayed,,0.620973845765705,0.2640405373439076,0.49183656870898923,0.889851626168802,-0.5050996781218744,-0.0629321697427738
ORD11141,2024-09-06,,Pune,Bengaluru,Fedex,Sea,Wh-Central,23.66,579.2,205.43,3.0,In Transit,,0.3114960894794382,0.5414275220677035,0.4729883956752048,-0.3364379073548463,0.5988110858661301,-0.15540236831949802
ORD10102,2024-06-04,2024-06-04,Mumbai,Hyderabad,Delhivery,Air,Wh-South,5.31,93.8,161.47,5.0,Delivered,0.0,0.06458666218148178,0.05796740578429055,0.3807205018483487,-1.3148036873617572,-1.3252042995549733,-0.6080738526661353
ORD10971,2024-11-18,2024-11-21,Delhi,Chennai,Xpressbees,Road,Wh-East,15.34,325.6,132.65,4.0,Delivered,3.0,0.19954587503153642,0.2888410253856402,0.32023004006286215,-0.780034816872966,-0.4064017318981712,-0.9048434654702773
ORD10617,2024-09-02,,Delhi,Jaipur,Dhl,Road,Wh-West,53.26,332.3,354.07,3.0,Delayed,,0.7097805062652426,0.29551424907558427,0.7849697364036824,1.241743405353849,-0.3798444531954077,1.3751956624649457
ORD10369,2024-11-02,,Chennai,Bengaluru,Bluedart,Road,Wh-South,10.47,520.1,99.37,4.0,In Transit,,0.1340173240265747,0.4825637131011816,0.2503784589309748,-1.0396882963625387,0.3645521050701119,-1.2475392570775585
ORD10764,2024-01-05,2024-01-08,Pune,Mumbai,Fedex,Road,Wh-West,7.64,312.7,148.12,3.0,Delivered,3.0,0.09593810444874273,0.27599257977365826,0.352700110979638,-1.1905752259221876,-0.4575344028333428,-0.74554346859033
ORD10376,2024-05-30,2024-06-03,Delhi,Bengaluru,Fedex,Road,Wh-North,18.3,529.7,122.19,5.0,Delivered,4.0,0.23937431671011686,0.4921253470449822,0.29827548661816444,-0.6222166856020965,0.40260432530093726,-1.0125537413179986
ORD11168,2024-12-23,,Ahmedabad,Chennai,Delhivery,Sea,Wh-Central,21.38,1039.6124999999997,361.55,5.0,Delayed,,0.2808174249432343,1.0,0.8006695509128927,-0.45800052198240804,2.423781694931217,1.4522198367805248
ORD10937,2024-03-24,2024-03-27,Mumbai,Lucknow,Xpressbees,Road,Wh-Central,16.11,244.7,103.49,4.0,Delivered,3.0,0.2099066520898158,0.2082643393384047,0.25902595034513876,-0.738980775968044,-0.7270709628016885,-1.2051141771069458
ORD10571,2024-11-11,2024-11-14,Kolkata,Bengaluru,Ekart,Rail,Wh-West,10.97,420.4,108.62,4.0,Delivered,3.0,0.14074510133714574,0.38326216058067014,0.26979333649918275,-1.0130298282424595,-0.030636057118771702,-1.1522887741338281
ORD10488,2024-01-29,2024-01-31,Ahmedabad,Bengaluru,Bluedart,Road,Wh-South,5.08,203.1,202.33,5.0,Delivered,2.0,0.06149188461861912,0.16683059224860253,0.4664817880577513,-1.3270665826969936,-0.8919639171352647,-0.18732415179253198
ORD10904,2024-02-29,2024-03-04,Hyderabad,Ahmedabad,Xpressbees,Road,Wh-East,4.96,319.9,66.01,5.0,Delivered,4.0,0.059877218064082076,0.28316380523150864,0.1803589653444435,-1.3334646150458127,-0.42899523766022385,-1.5910588366454343
ORD10596,2024-08-06,2024-08-10,Lucknow,Ahmedabad,Dhl,Road,Wh-West,26.2,524.4,171.48,2.0,Delivered,4.0,0.34567319821713893,0.4868465283051756,0.4017305477356742,-0.20101288930484343,0.38159632871516885,-0.5049973840967578
ORD10536,2024-02-23,2024-02-24,Chennai,Mumbai,Bluedart,Air,Wh-East,42.64,80.9,288.33,4.0,Delivered,1.0,0.5668825161887141,0.04511896017230863,0.6469876768000082,0.6755175424833645,-1.3763369704901447,0.6982479058464759
ORD10171,2024-04-06,,Hyderabad,Kolkata,Ekart,Road,Wh-West,15.37,516.8,186.73,2.0,Delayed,,0.19994954167017068,0.47927690143300017,0.43373885940217904,-0.7784353087857614,0.3514716543657654,-0.3479628041084453
ORD10377,2024-02-23,2024-02-26,Kolkata,Pune,Bluedart,Road,Wh-North,20.23,203.0,114.82,4.0,Delivered,3.0,0.265343537128921,0.16673099189502127,0.2828065517340896,-0.5193149986585904,-0.8923602944293358,-1.0884452071877602
ORD10706,2024-04-08,2024-04-12,Lucknow,Mumbai,Dhl,Road,Wh-Central,10.24,260.6,79.61,2.0,Delivered,4.0,0.13092254646371204,0.22410079555782433,0.20890408263391672,-1.051951191697775,-0.664046973044384,-1.4510148833443817
ORD10057,2024-05-20,2024-05-21,Mumbai,Lucknow,Bluedart,Air,Wh-East,46.57,72.6,269.2,5.0,Delivered,1.0,0.6197628458498023,0.03685213082506443,0.6068356110832713,0.8850531019071879,-1.409236285898046,0.5012596097693337
ORD10050,2024-02-13,2024-02-15,Mumbai,Ahmedabad,Xpressbees,Road,Wh-West,29.47,358.9,247.75,4.0,Delivered,2.0,0.3896728618282734,0.32200794312819814,0.5618140841818596,-0.026666507799524748,-0.2744080929724962,0.28038146283495335
ORD10152,2024-03-08,2024-03-09,Lucknow,Bengaluru,Ekart,Air,Wh-North,62.75,99.9,348.59,4.0,Delivered,1.0,0.8374737196198805,0.06404302735274713,0.7734677332605712,1.7477211302729545,-1.3010252846166364,1.3187661871642273
ORD10271,2024-01-11,2024-01-25,Ahmedabad,Kolkata,Bluedart,Sea,Wh-West,30.23,1039.6124999999997,334.54,5.0,Delivered,14.0,0.39989908334034135,1.0,0.7439781084137257,0.013854363742995894,2.423781694931217,1.1740884265848317
ORD10131,2024-02-06,2024-02-11,Kolkata,Lucknow,Fedex,Road,Wh-West,18.21,789.4,201.91,4.0,Delivered,5.0,0.23816331679421407,0.750787465295502,0.4656002476708705,-0.6270152098637108,1.431996158003575,-0.19164903858565288
ORD10401,2024-05-25,,Lucknow,Jaipur,Xpressbees,Road,Wh-West,26.2,624.2,133.65,1.0,Cancelled,,0.34567319821713893,0.5862476811792684,0.32232894574591164,-0.20101288930484343,0.7771808681981236,-0.8945461159628469
ORD10016,2024-09-29,2024-10-03,Chennai,Mumbai,Xpressbees,Road,Wh-East,48.68,481.8,324.12,2.0,Delivered,4.0,0.648154066100412,0.4444167776795609,0.72210751119635,0.9975518373739225,0.2127396014408818,1.0667900447174075
ORD10299,2024-07-15,2024-07-17,Bengaluru,Kolkata,Ekart,Road,Wh-South,13.64,304.7,118.23,4.0,Delivered,2.0,0.17667143217559497,0.2680245514871578,0.2899638201132884,-0.8706736084812358,-0.4892445863590305,-1.0533312453674226
ORD10259,2024-11-20,2024-11-29,Pune,Bengaluru,Ekart,Rail,Wh-East,53.24,916.1,323.35,3.0,Delivered,9.0,0.7095113951728198,0.8769811132829524,0.7204913538204019,1.240677066629046,1.9342061895916547,1.0588610855966862
ORD10389,2024-07-11,2024-07-15,Bengaluru,Lucknow,Fedex,Road,Wh-Central,30.0,526.3,143.82,3.0,Delivered,4.0,0.3968043057774787,0.4887389350232194,0.3436748165425251,0.0015914684077593868,0.3891274973025196,-0.7898220714722807
ORD10990,2024-04-28,2024-05-03,Chennai,Bengaluru,Fedex,Road,Wh-Central,28.44,541.9,213.52,4.0,Delivered,5.0,0.37581364056849714,0.5042765901818953,0.4899685426510752,-0.081582952126888,0.45096235517761074,-0.07209681080438664
ORD10625,2024-09-27,2024-09-30,Lucknow,Bengaluru,Bluedart,Road,Wh-North,69.32,551.2,367.22,3.0,Delivered,3.0,0.9258767134807835,0.513539423064952,0.8125703461357834,2.098013401370796,0.48782544352622303,1.5106058084876548
ORD10158,2024-03-01,2024-03-04,Hyderabad,Pune,Delhivery,Road,Wh-West,74.82875000000001,388.0,446.9,4.0,Delivered,3.0,1.0,0.35099164602034344,0.9798111509611674,2.3917230738837714,-0.15906230039780694,2.331098617239703
ORD10802,2024-11-20,2024-11-23,Delhi,Kolkata,Ekart,Road,Wh-East,65.48,382.4,302.51,3.0,Delivered,3.0,0.8742073837355983,0.3454140262197931,0.6767501593856502,1.8932763662085876,-0.18125942886578844,0.844264321861838
ORD10020,2024-09-11,2024-09-13,Lucknow,Delhi,Delhivery,Air,Wh-North,10.65,286.1,176.09,5.0,Delivered,2.0,0.13643932385838028,0.24949888572104442,0.4114065029345324,-1.03009124783931,-0.5629707630562544,-0.45752660286750385
ORD10220,2024-11-02,,Mumbai,Kolkata,Fedex,Road,Wh-North,12.44,151.2,147.92,5.0,In Transit,,0.16052476663022452,0.11513800873993106,0.352280329843028,-0.9346539319694263,-1.0976837327581639,-0.7476029384918164
ORD10953,2024-10-28,,Mumbai,Lucknow,Delhivery,Rail,Wh-West,23.23,583.9,179.85,4.0,Delayed,,0.3057102009923471,0.5461087386860225,0.41929838830279853,-0.3593641899381145,0.6174408186874714,-0.4188085687195659
ORD10962,2024-02-17,2024-03-02,Chennai,Pune,Ekart,Sea,Wh-Central,74.82875000000001,1039.6124999999997,456.51875000000007,4.0,Delivered,14.0,1.0,1.0,1.0,2.3917230738837714,2.423781694931217,2.430146247814299
ORD10581,2024-06-16,2024-06-22,Chennai,Lucknow,Delhivery,Sea,Wh-North,11.64,662.2,164.52,5.0,Delivered,6.0,0.1497603229333109,0.6240958155401454,0.38712216418164974,-0.977307480961553,0.9278042399451404,-0.5766669366684727
ORD10294,2024-05-06,2024-05-10,Hyderabad,Lucknow,Delhivery,Road,Wh-South,17.82,446.6,241.43,3.0,Delivered,4.0,0.23291565049196866,0.40935745321895906,0.5485490002649868,-0.6478088149973726,0.0732147939278558,0.21530221394799376
ORD10360,2024-11-19,2024-11-24,Chennai,Ahmedabad,Delhivery,Road,Wh-Central,65.0,421.7,370.62,5.0,Delivered,5.0,0.86774871751745,0.3845569651772265,0.8197066254581516,1.8676842368133113,-0.0254831522958474,1.5456167968129177
ORD11158,2024-07-23,2024-07-30,Hyderabad,Ahmedabad,Ekart,Road,Wh-South,22.48,509.3,163.2,5.0,Delivered,7.0,0.29561853502649055,0.4718068749144061,0.3843516086800244,-0.39935189211823346,0.32174335731043335,-0.590259438018281
ORD11080,2024-02-09,2024-02-13,Lucknow,Hyderabad,Ekart,Rail,Wh-East,29.62,304.1,261.52,4.0,Delivered,4.0,0.3916911950214447,0.26742694936567035,0.5907160154374512,-0.01866896736350084,-0.49162285012345697,0.4221759655522688
ORD11092,2024-11-06,,Pune,Ahmedabad,Fedex,Air,Wh-South,18.1,138.5,124.45,5.0,Delayed,,0.23668320578588845,0.10248876383511166,0.3030190134618563,-0.6328800728501283,-1.1480236491051932,-0.989281731431206
ORD10631,2024-12-29,2025-01-01,Pune,Lucknow,Dhl,Road,Wh-North,17.09,415.6,70.04,5.0,Delivered,3.0,0.22309309561853496,0.37848134360876995,0.188817555247133,-0.6867301784526885,-0.049662167234184165,-1.54956051813049
ORD11111,2024-01-19,,Bengaluru,Kolkata,Delhivery,Sea,Wh-North,25.52,1039.6124999999997,294.66,4.0,Delayed,,0.33652342107476235,1.0,0.6602737497737117,-0.2372684059481513,2.423781694931217,0.7634301282285103
ORD10474,2024-07-30,2024-08-12,Lucknow,Bengaluru,Bluedart,Sea,Wh-Central,14.59,1039.6124999999997,198.4,1.0,Delivered,13.0,0.18945420906567992,1.0,0.45823308872336677,-0.8200225190530851,2.423781694931217,-0.22779273535673325
ORD10383,2024-04-19,2024-04-20,Lucknow,Delhi,Xpressbees,Air,Wh-South,37.21,173.9,236.86,4.0,Delivered,1.0,0.49381885459591285,0.137747289002876,0.5389570012934506,0.38600657869930316,-1.0077060870040249,0.16824332669903724
ORD10730,2024-06-06,2024-06-09,Bengaluru,Pune,Bluedart,Road,Wh-West,74.82875000000001,423.6,456.51875000000007,3.0,Delivered,3.0,1.0,0.38644937189527034,1.0,2.3917230738837714,-0.01795198370849643,2.430146247814299
ORD11122,2024-10-03,2024-10-04,Mumbai,Jaipur,Ekart,Air,Wh-Central,58.82,219.0,353.2,4.0,Delivered,1.0,0.7845933899587924,0.18266704846802212,0.7831436884594294,1.538185570849131,-0.8289399273779603,1.3662369683934812
ORD10305,2024-02-19,,Kolkata,Hyderabad,Xpressbees,Sea,Wh-South,18.69,1039.6124999999997,160.79,1.0,In Transit,,0.24462198301236227,1.0,0.37929324598387504,-0.6014230804684346,2.423781694931217,-0.615076050331188
ORD10023,2024-08-20,2024-08-21,Hyderabad,Chennai,Xpressbees,Road,Wh-Central,28.79,128.2,158.11,1.0,Delivered,1.0,0.3805230846858968,0.09222992741624235,0.3736681787533025,-0.0629220244428326,-1.1888505103945162,-0.642672947011101
ORD10600,2024-09-22,2024-09-27,Mumbai,Kolkata,Delhivery,Rail,Wh-West,14.87,322.7,114.04,2.0,Delivered,5.0,0.19322176435959967,0.28595261513178377,0.281169405301311,-0.8050937769058407,-0.4178966734262331,-1.0964771398035555
ORD10188,2024-10-09,2024-10-16,Chennai,Mumbai,Ekart,Sea,Wh-East,24.65,558.8,221.52,3.0,Delivered,7.0,0.32481708855436875,0.5211090499371274,0.5067597881154712,-0.28365414047708937,0.5179501178756261,0.010281985255055977
ORD11020,2024-06-07,2024-06-11,Chennai,Mumbai,Xpressbees,Road,Wh-East,21.78,563.8,456.51875000000007,3.0,Delivered,4.0,0.28619964679169113,0.5260890676161901,1.0,-0.43667374748634447,0.5377689825791808,2.430146247814299
ORD10356,2024-09-08,2024-09-12,Pune,Delhi,Delhivery,Road,Wh-South,32.74,418.1,237.2,4.0,Delivered,4.0,0.433672525439408,0.3809713524483013,0.5396706292256874,0.14767987370579413,-0.03975273488240674,0.17174442553156327
ORD11144,2024-04-01,,Pune,Chennai,Ekart,Road,Wh-South,13.12,382.4,111.66,5.0,In Transit,,0.1696745437726011,0.3454140262197931,0.27617400977565315,-0.8983984153261184,-0.18125942886578844,-1.1209848316312399
ORD11052,2024-03-21,2024-03-24,Delhi,Mumbai,Ekart,Road,Wh-East,15.8,280.8,119.78,5.0,Delivered,3.0,0.20573543015726178,0.24422006698123788,0.2932171239220151,-0.755509026202493,-0.5839787596420225,-1.0373703536309056
ORD10007,2024-06-05,2024-06-09,Pune,Ahmedabad,Dhl,Road,Wh-East,19.65,413.3,162.7,4.0,Delivered,4.0,0.2575393154486586,0.376190535476401,0.38330215583849964,-0.5502388216778825,-0.05877884499781943,-0.5954081127719961
ORD10569,2024-08-03,2024-08-07,Mumbai,Ahmedabad,Ekart,Road,Wh-East,71.79,331.6,415.97,1.0,Delivered,4.0,0.9591119333950046,0.2948170466005155,0.9148919981844466,2.229706233883989,-0.3826190942539054,2.0126015969748834
ORD10616,2024-09-25,2024-09-26,Bengaluru,Kolkata,Bluedart,Air,Wh-West,74.82875000000001,125.7,52.23,4.0,Delivered,1.0,1.0,0.08973991857671097,0.1514360450320214,2.3917230738837714,-1.1987599427462936,-1.7329563128578243
ORD11137,2024-11-19,2024-11-27,Lucknow,Bengaluru,Dhl,Rail,Wh-East,61.23,747.2,227.21,4.0,Delivered,8.0,0.8170212765957445,0.7087561160842123,0.5187025614520229,1.666679387187913,1.2647249399055724,0.06887390395233452
ORD10215,2024-12-29,,Hyderabad,Lucknow,Fedex,Sea,Wh-West,35.06,671.4,269.07,5.0,Delayed,,0.4648894121604575,0.6332590480696207,0.606562753344475,0.27137516578296217,0.964270950999681,0.49992095433336786
ORD10109,2024-09-23,2024-09-24,Delhi,Ahmedabad,Delhivery,Road,Wh-South,17.13,120.2,112.95,4.0,Delivered,1.0,0.22363131780338064,0.08426189912974193,0.27888159810678703,-0.6845975010030823,-1.2205606939202038,-1.1077012507666548
ORD10219,2024-12-01,,Bengaluru,Kolkata,Fedex,Air,Wh-West,38.2,190.1,253.37,4.0,Delayed,,0.5071398536708435,0.15388254628303935,0.5736099341205978,0.4387903455770603,-0.9434929653645073,0.33825256706671186
ORD11145,2024-09-07,2024-09-07,Bengaluru,Delhi,Xpressbees,Air,Wh-West,13.71,126.7,214.42,4.0,Delivered,0.0,0.17761332099907493,0.09073592211252351,0.4918575577658197,-0.8669414229444247,-1.1947961698055827,-0.06282919624769959
ORD10991,2024-09-14,2024-09-24,Lucknow,Ahmedabad,Ekart,Sea,Wh-South,39.23,729.7,325.96,5.0,Delivered,10.0,0.5209990749306197,0.6913260542074927,0.725969497653161,0.49370678990442335,1.1953589134431306,1.085737167811079
ORD10203,2024-09-03,2024-09-09,Kolkata,Mumbai,Fedex,Road,Wh-East,17.87,457.4,70.0,4.0,Delivered,6.0,0.23358842822302578,0.4201142914057346,0.18873359901981102,-0.6451429681853648,0.11602354168753407,-1.5499724121107874
ORD10878,2024-01-12,2024-01-16,Jaipur,Lucknow,Fedex,Rail,Wh-East,33.59,611.8,218.58,2.0,Delivered,4.0,0.4451097468673787,0.5738972373351926,0.5005890054073057,0.19299926950992904,0.7280300837333072,-0.019992222296789163
ORD10852,2024-06-03,2024-06-16,Mumbai,Delhi,Fedex,Sea,Wh-East,17.37,1039.6124999999997,269.18,4.0,Delivered,13.0,0.22686065091245478,1.0,0.6067936329696104,-0.671801436305444,2.423781694931217,0.5010536627791853
ORD10027,2024-08-12,,Mumbai,Jaipur,Ekart,Rail,Wh-East,47.57,755.8,283.15,5.0,In Transit,,0.6332184004709444,0.7173217464922002,0.6361153453618119,0.9383700381473465,1.2988133871956864,0.6449076353979867
ORD10230,2024-09-13,2024-09-14,Bengaluru,Kolkata,Dhl,Road,Wh-North,23.85,191.1,190.8,5.0,Delivered,1.0,0.31405264485745515,0.1548785498188519,0.44228140553219064,-0.3263076894692161,-0.9395291924237963,-0.30605259161320364
ORD10954,2024-09-23,2024-09-28,Chennai,Kolkata,Xpressbees,Road,Wh-North,38.91,586.2,218.89,5.0,Delivered,5.0,0.5166932974518542,0.5483995468183914,0.501239666169051,0.4766453703075726,0.6265574964511068,-0.016800043949486032
ORD10052,2024-02-02,,Hyderabad,Pune,Fedex,Air,Wh-East,24.695,205.7,269.54,4.0,Delayed,,0.3254225885123202,0.16942020144171516,0.6075492390155083,-0.2812548783462821,-0.8816581074894162,0.5047607086018604
ORD10618,2024-08-03,2024-08-06,Lucknow,Pune,Dhl,Road,Wh-East,72.11,198.0,378.14,4.0,Delivered,3.0,0.9634177108737699,0.16175097421595852,0.8354903961946839,2.2467676534808394,-0.9121791591328906,1.6230528651087937
ORD10644,2024-10-23,2024-10-28,Kolkata,Pune,Dhl,Road,Wh-North,18.57,546.1,157.12,5.0,Delivered,5.0,0.2430073164578252,0.508459805032308,0.37159026212708346,-0.6078211128172537,0.467610201528597,-0.6528673230234572
ORD11068,2024-09-28,2024-10-01,Hyderabad,Kolkata,Ekart,Road,Wh-South,25.49,438.9,196.64,4.0,Delivered,3.0,0.33611975443612807,0.40168822599320236,0.4545390147211997,-0.23886791403535612,0.042693742284381185,-0.24591607048981082
ORD10074,2024-08-10,2024-08-11,Ahmedabad,Chennai,Bluedart,Air,Wh-East,37.36,102.1,156.1,4.0,Delivered,1.0,0.49583718778908414,0.06623423513153473,0.3694493783303729,0.39400411913532685,-1.2923049841470724,-0.6633706195210362
ORD10961,2024-08-20,2024-08-26,Chennai,Pune,Delhivery,Rail,Wh-East,29.47,532.6,263.94,5.0,Delivered,6.0,0.3896728618282734,0.49501375729883856,0.595795367190431,-0.026666507799524748,0.41409926682899895,0.4470955513602503
ORD10046,2024-07-07,2024-07-09,Ahmedabad,Lucknow,Dhl,Air,Wh-South,26.5,273.5,205.25,4.0,Delivered,2.0,0.3497098646034816,0.23694924116980623,0.47261059265225586,-0.1850178084327958,-0.6129143021092126,-0.15725589123083555
ORD10196,2024-04-12,,Ahmedabad,Pune,Bluedart,Air,Wh-Central,35.26,215.7,151.69,4.0,In Transit,,0.46758052308468584,0.1793802367998407,0.3601932042681247,0.2820385530309937,-0.8420203780823066,-0.7087819308488039
ORD11127,2024-09-01,2024-09-03,Ahmedabad,Lucknow,Xpressbees,Road,Wh-Central,14.36,284.3,141.15,5.0,Delivered,2.0,0.18635943150281722,0.24770607935658182,0.3380707383687829,-0.8322854143883216,-0.5701055543495341,-0.8173159946571195
ORD10522,2024-01-24,,Mumbai,Delhi,Dhl,Rail,Wh-Central,34.89,564.6,197.92,3.0,Delayed,,0.4626019678748633,0.5268858704448403,0.457225613995503,0.2623112866221351,0.5409400009317499,-0.23273546312029997
ORD10703,2024-09-29,,Pune,Chennai,Bluedart,Road,Wh-South,28.16,198.7,141.8,4.0,In Transit,,0.37204608527457733,0.1624481766910273,0.3394350270627651,-0.09651169427413248,-0.909404518074393,-0.8106227174772896
ORD10126,2024-12-07,2024-12-08,Delhi,Bengaluru,Bluedart,Road,Wh-East,36.18,172.1,242.12,5.0,Delivered,1.0,0.47995963333613656,0.1359544826384134,0.5499972451862909,0.3310901343719397,-1.0148408782973048,0.22240738510812066
ORD10659,2024-11-04,2024-11-05,Chennai,Pune,Fedex,Air,Wh-West,32.96,106.2,207.62,4.0,Delivered,1.0,0.4366327474560592,0.0703178496283662,0.4775849991210832,0.15940959967862897,-1.2760535150901575,-0.13285117289822562
ORD10758,2024-08-23,2024-08-27,Pune,Bengaluru,Bluedart,Road,Wh-Central,52.07,292.8,316.48,4.0,Delivered,4.0,0.6937683962660836,0.25617210941098845,0.7060718717778518,1.1782962512280604,-0.5364134843534909,0.9881182944806399
ORD10064,2024-06-01,2024-06-04,Bengaluru,Pune,Bluedart,Road,Wh-Central,26.2,411.7,202.33,2.0,Delivered,3.0,0.34567319821713893,0.3745969298191009,0.4664817880577513,-0.20101288930484343,-0.06512088170295707,-0.18732415179253198
ORD10357,2024-09-06,2024-09-12,Hyderabad,Bengaluru,Delhivery,Road,Wh-Central,18.14,827.0,225.47,5.0,Delivered,6.0,0.23722142797073412,0.788237198242054,0.5150504655635167,-0.6307473954005219,1.5810340205743074,0.050956515809405654
ORD10923,2024-05-27,2024-05-30,Lucknow,Chennai,Bluedart,Road,Wh-East,6.56,391.3,91.34,3.0,Delivered,3.0,0.08140610545790933,0.3542784576885249,0.23352424629608734,-1.2481575170615589,-0.1459818496934607,-1.330226973622224
ORD10725,2024-07-07,,Bengaluru,Delhi,Xpressbees,Road,Wh-Central,26.81,381.0,232.65,4.0,Cancelled,,0.35388108653603556,0.3440196212696556,0.5301206083678122,-0.1684895581983467,-0.1868087109827837,0.12489148527275547
ORD10938,2024-02-04,2024-02-13,Ahmedabad,Chennai,Delhivery,Sea,Wh-North,33.38,910.6,281.18,1.0,Delivered,9.0,0.4422840803969389,0.8715030938359833,0.6319805011662044,0.18180271289949568,1.9124054384177445,0.6246218568683493
ORD10396,2024-01-04,2024-01-11,Delhi,Hyderabad,Xpressbees,Rail,Wh-Central,19.27,497.5,207.48,3.0,Delivered,7.0,0.2524262046926246,0.4600540331918179,0.47729115232545616,-0.5704992574491428,0.2749708366100439,-0.13429280182926603
ORD10576,2024-01-03,,Lucknow,Ahmedabad,Delhivery,Road,Wh-Central,29.32,282.2,211.53,5.0,Delayed,,0.38765452863510214,0.24561447193137542,0.4857917203418067,-0.034664048235548466,-0.5784294775250273,-0.09258853632417309
ORD11032,2024-02-26,,Chennai,Lucknow,Delhivery,Road,Wh-North,5.92,307.1,123.94,1.0,Delayed,,0.07279455050037843,0.270414959973108,0.3019485715635011,-1.2822803562552603,-0.47973153130132407,-0.9945333796799954
ORD11079,2024-08-09,2024-08-09,Ahmedabad,Kolkata,Fedex,Air,Wh-East,8.67,105.0,179.46,3.0,Delivered,0.0,0.10979732570851904,0.06912264538539115,0.41847981508640925,-1.135658781594824,-1.2808100426190105,-0.4228245350274636
ORD10353,2024-12-18,2024-12-22,Chennai,Ahmedabad,Bluedart,Road,Wh-East,74.82875000000001,399.9,417.76,3.0,Delivered,4.0,1.0,0.3628440880965128,0.9186490393571051,2.3917230738837714,-0.11189340240334653,2.031033852593183
ORD10062,2024-03-01,2024-03-05,Pune,Mumbai,Xpressbees,Road,Wh-Central,18.19,382.3,183.95,4.0,Delivered,4.0,0.23789420570179123,0.3453144258662119,0.4279039016033015,-0.628081548588514,-0.1816558061598594,-0.37658943573910164
ORD10218,2024-02-13,2024-02-17,Jaipur,Bengaluru,Fedex,Rail,Wh-Central,13.01,564.6,91.06,1.0,Delivered,4.0,0.16819443276427548,0.5268858704448403,0.2329365527048335,-0.9042632783125358,0.5409400009317499,-1.3331102314843046
ORD10769,2024-11-29,2024-12-03,Pune,Ahmedabad,Fedex,Road,Wh-East,21.83,288.9,202.62,4.0,Delivered,4.0,0.2868724245227482,0.25228769562131953,0.4670904707058357,-0.4340079006743367,-0.5518721988222638,-0.18433792043537728
ORD10338,2024-07-16,2024-07-19,Pune,Hyderabad,Delhivery,Road,Wh-North,27.64,446.5,191.92,3.0,Delivered,3.0,0.3650491968715835,0.40925785286537775,0.44463217989720594,-0.12423650111901495,0.07281841663378462,-0.29451956016488196
ORD10434,2024-05-01,2024-05-08,Ahmedabad,Mumbai,Ekart,Rail,Wh-Central,6.91,858.4,248.34,4.0,Delivered,7.0,0.08611554957530905,0.8195117092665681,0.5630524385348588,-1.2294965893775034,1.7054964909126318,0.2864568990443373
ORD10275,2024-04-21,,Pune,Mumbai,Bluedart,Road,Wh-North,8.35,551.9,38.85,5.0,Delayed,,0.10549154822975358,0.5142366255400208,0.12335268699281911,-1.1527202011916748,0.49060008458472043,-1.870734849267242
ORD10992,2024-08-12,2024-08-13,Ahmedabad,Chennai,Xpressbees,Air,Wh-Central,4.52,167.0,71.58,5.0,Delivered,1.0,0.05395677403077957,0.1308748646057694,0.19204986999902923,-1.3569240669914824,-1.0350561202949307,-1.5337025998890477
ORD10942,2024-12-24,2024-12-27,Lucknow,Kolkata,Delhivery,Road,Wh-East,74.82875000000001,539.4,440.65,4.0,Delivered,3.0,1.0,0.5017865813423639,0.9666929904421081,2.3917230738837714,0.44105292282583336,2.266740182818263
ORD10829,2024-09-02,2024-09-07,Ahmedabad,Mumbai,Ekart,Road,Wh-South,49.48,566.0,372.4,5.0,Delivered,5.0,0.6589185097973256,0.5282802753949778,0.8234426775739797,1.0402053863660492,0.5464892830487451,1.5639460789361435
ORD11174,2024-01-19,2024-01-20,Jaipur,Pune,Bluedart,Air,Wh-North,20.61,150.4,168.68,3.0,Delivered,1.0,0.27045664788495494,0.11434120591128102,0.39585361182313566,-0.49905456288733013,-1.1008547511107325,-0.5338299627175626
ORD11029,2024-10-09,2024-10-11,Delhi,Hyderabad,Delhivery,Road,Wh-North,8.35,400.8,126.96,4.0,Delivered,2.0,0.10549154822975358,0.36374049127874414,0.3082872667263105,-1.1527202011916748,-0.10832600675670652,-0.9634353841675559
ORD10695,2024-11-14,2024-11-19,Pune,Chennai,Fedex,Road,Wh-South,25.67,396.9,212.0,1.0,Delivered,5.0,0.3385417542679337,0.35985607748907517,0.48677820601284,-0.2292708655121274,-0.12378472122547943,-0.08774878205568085
ORD10235,2024-12-09,2024-12-13,Ahmedabad,Chennai,Delhivery,Road,Wh-West,24.19,465.7,197.87,4.0,Delivered,4.0,0.3186275334286435,0.42838112075297874,0.4571206687113506,-0.30817993114756215,0.14892285709543515,-0.23325033059567132
ORD10697,2024-10-25,,Kolkata,Chennai,Delhivery,Road,Wh-Central,26.13,352.6,167.18,3.0,Delayed,,0.344731309393659,0.3157331208525791,0.39270525329856143,-0.20474507484165455,-0.2993798624989751,-0.549275986978708
ORD10586,2024-03-09,2024-03-12,Mumbai,Bengaluru,Ekart,Rail,Wh-West,54.32,280.9,259.5,4.0,Delivered,3.0,0.7240433941636532,0.2443196673348191,0.5864762259576912,1.2982593577684172,-0.5835823823479516,0.4013753195472597
ORD10466,2024-01-29,2024-02-04,Pune,Kolkata,Xpressbees,Rail,Wh-East,22.86,572.0,143.39,4.0,Delivered,6.0,0.30073164578252454,0.5342562966098531,0.3427722870988138,-0.3790914563469732,0.5702719206930109,-0.7942499317604758
ORD10428,2024-06-08,2024-06-21,Delhi,Lucknow,Dhl,Sea,Wh-Central,15.33,1039.6124999999997,158.64,4.0,Delivered,13.0,0.199411319485325,1.0,0.37478059876531866,-0.7805679862353677,2.423781694931217,-0.6372153517721633
ORD10100,2024-06-14,2024-06-15,Chennai,Kolkata,Xpressbees,Air,Wh-East,74.82875000000001,111.8,447.66,5.0,Delivered,1.0,1.0,0.07589546942891648,0.9814063192802851,2.3917230738837714,-1.253856386622176,2.3389246028653505
ORD10534,2024-08-12,2024-08-26,Kolkata,Chennai,Fedex,Sea,Wh-North,22.42,1039.6124999999997,319.66,1.0,Delivered,14.0,0.2948112017492221,1.0,0.7127463918499491,-0.4025509082926429,2.423781694931217,1.0208638659142684
ORD10182,2024-11-28,2024-12-02,Bengaluru,Mumbai,Ekart,Road,Wh-Central,15.5,518.9,186.0,2.0,Delivered,4.0,0.20169876377091916,0.48136850885820653,0.43220665825355303,-0.7715041070745408,0.3597955775412585,-0.3554798692488694
ORD10332,2024-09-20,2024-09-23,Lucknow,Pune,Delhivery,Road,Wh-Central,16.62,412.9,202.33,4.0,Delivered,3.0,0.21676898494659824,0.375792134062076,0.4664817880577513,-0.711789138485563,-0.060364354174103955,-0.18732415179253198
ORD10670,2024-01-24,2024-01-26,Delhi,Pune,Bluedart,Road,Wh-North,21.95,184.0,195.77,4.0,Delivered,2.0,0.28848709107728526,0.1478069247145828,0.45271296677694656,-0.4276098683255176,-0.9676719803028442,-0.25487476456127495
ORD10814,2024-09-12,2024-09-14,Bengaluru,Lucknow,Bluedart,Air,Wh-Central,48.45,243.5,264.93,5.0,Delivered,2.0,0.6450592885375493,0.20706913509542965,0.5978732838166501,0.9852889420386862,-0.7318274903305416,0.45728992737260643
ORD10628,2024-04-20,,Hyderabad,Mumbai,Ekart,Road,Wh-East,20.75,380.1,195.71,5.0,In Transit,,0.27234042553191484,0.3431232180874243,0.4525870324359636,-0.49159019181370794,-0.19037610662942347,-0.2554926055317208
ORD10917,2024-11-10,2024-11-13,Jaipur,Chennai,Dhl,Road,Wh-West,44.67,246.3,266.56,3.0,Delivered,3.0,0.5941972920696325,0.20985794499570481,0.6012945000800207,0.7837509230508866,-0.7207289260965509,0.4740746070697178
ORD10738,2024-05-17,2024-05-20,Delhi,Mumbai,Xpressbees,Road,Wh-Central,2.19,338.9,85.74,1.0,Delivered,3.0,0.022605331763518623,0.3020878724119471,0.22177037447101014,-1.481152528431052,-0.3536835517867155,-1.387892130863834
ORD10258,2024-01-06,2024-01-08,Kolkata,Ahmedabad,Delhivery,Air,Wh-Central,40.31,246.4,214.39,4.0,Delivered,2.0,0.5355310739214532,0.20995754534928607,0.49179459059532826,0.5512890810437949,-0.7203325488024798,-0.06313811673292251
ORD10138,2024-12-09,2024-12-18,Lucknow,Chennai,Dhl,Sea,Wh-North,56.0,1019.0,351.6,4.0,Delivered,9.0,0.7466487259271718,0.979469877118064,0.7797854393665502,1.3878318106518837,2.3420784251908136,1.3497612091815931
ORD10588,2024-11-01,2024-11-02,Chennai,Mumbai,Delhivery,Air,Wh-North,27.74,122.6,137.1,5.0,Delivered,1.0,0.36639475233369767,0.08665230761569206,0.3295701703524324,-0.1189048074949992,-1.2110476388624976,-0.8590202601622124
ORD11005,2024-02-23,2024-02-29,Lucknow,Ahmedabad,Dhl,Sea,Wh-South,37.53,574.3,275.33,3.0,Delivered,6.0,0.49812463207467833,0.5365471047422219,0.6197019029203648,0.4030679982961539,0.579388598456646,0.5643823622498816
ORD10602,2024-09-22,,Delhi,Mumbai,Delhivery,Road,Wh-South,22.13,465.9,151.5,3.0,Delayed,,0.29090909090909084,0.42858032146014124,0.3597944121883453,-0.41801281980228905,0.14971561168357728,-0.7107384272552156
ORD10378,2024-07-18,2024-07-19,Delhi,Jaipur,Delhivery,Air,Wh-Central,27.81,111.9,223.94,3.0,Delivered,1.0,0.3673366411571776,0.07599506978249776,0.511839139868451,-0.11517262195818807,-1.2534600093281048,0.035201571063037236
ORD10594,2024-02-21,2024-02-26,Lucknow,Kolkata,Dhl,Rail,Wh-East,28.17,378.3,213.56,5.0,Delivered,5.0,0.3721806408207888,0.3413304117229617,0.49005249887839725,-0.09597852491173081,-0.19751089792270327,-0.0716849168240895
ORD11115,2024-03-04,2024-03-05,Kolkata,Chennai,Xpressbees,Air,Wh-North,27.66,211.3,193.12,4.0,Delivered,1.0,0.36531830796400633,0.17499782124226548,0.44715086671686544,-0.1231701623942118,-0.8594609790214347,-0.28216274075596537
ORD10587,2024-09-23,2024-09-26,Jaipur,Ahmedabad,Ekart,Road,Wh-Central,60.31,236.8,295.75,4.0,Delivered,3.0,0.804642166344294,0.20039591140548557,0.6625615569682356,1.6176278058469675,-0.7583847690333051,0.774654239191609
ORD10040,2024-11-01,2024-11-03,Jaipur,Hyderabad,Dhl,Air,Wh-North,1.23,141.1,30.77,5.0,Delivered,2.0,0.009687999327222268,0.10507837302822429,0.10639352907377914,-1.5323367872216043,-1.1377178394593448,-1.953937433287279
ORD10984,2024-02-24,2024-02-26,Lucknow,Mumbai,Dhl,Road,Wh-West,18.13,184.7,84.7,4.0,Delivered,2.0,0.2370868724245227,0.14850412718965156,0.21958751256063866,-0.6312805647629236,-0.9648973392443465,-1.3986013743515615
ORD10891,2024-05-26,2024-05-31,Jaipur,Hyderabad,Fedex,Road,Wh-East,16.87,407.9,113.71,1.0,Delivered,5.0,0.22013287360188374,0.3708121163830132,0.28047676642590463,-0.6984599044255233,-0.0801832188776588,-1.0998752651410078
ORD10072,2024-04-10,,Delhi,Hyderabad,Delhivery,Rail,Wh-South,41.63,735.3,360.98,5.0,In Transit,,0.5532924060213606,0.6969036740080429,0.7994731746735545,0.6216674368808044,1.2175560419111116,1.4463503475612896
ORD10721,2024-03-11,2024-03-17,Pune,Bengaluru,Bluedart,Road,Wh-West,26.2,778.6,155.23,5.0,Delivered,6.0,0.34567319821713893,0.7400306271087265,0.36762333038611983,-0.20101288930484343,1.3891874102438968,-0.6723293135925006
ORD10504,2024-11-09,2024-11-12,Kolkata,Bengaluru,Xpressbees,Road,Wh-East,17.72,249.1,137.98,5.0,Delivered,3.0,0.23157009502985446,0.21264675489597995,0.33141720735351593,-0.6531405086213886,-0.7096303618625602,-0.8499585925956737
ORD10548,2024-02-27,2024-03-02,Pune,Bengaluru,Delhivery,Rail,Wh-West,26.91,291.7,274.1,5.0,Delivered,4.0,0.3552266419981498,0.25507650552159467,0.617120248930214,-0.16315786457433076,-0.5407736345882731,0.5517166223557427
ORD10084,2024-08-17,2024-08-18,Mumbai,Chennai,Xpressbees,Air,Wh-North,5.75,157.4,92.81,4.0,Delivered,1.0,0.07050710621478429,0.12131323066196889,0.2366096376501701,-1.2913442354160873,-1.0731083405257558,-1.3150898698463016
ORD10032,2024-07-21,2024-07-25,Kolkata,Hyderabad,Dhl,Rail,Wh-South,18.94,675.4,199.23,5.0,Delivered,4.0,0.24798587166764777,0.637243062212871,0.45997518044029784,-0.588093846408395,0.9801260427625248,-0.21924593526556624
ORD10308,2024-10-20,2024-10-25,Chennai,Bengaluru,Ekart,Rail,Wh-South,15.0,433.8,170.44,4.0,Delivered,5.0,0.19497098646034813,0.39660860796055836,0.3995476858253028,-0.7981625751946201,0.02247850028675539,-0.5157066275844853
ORD10598,2024-09-19,,Delhi,Pune,Dhl,Road,Wh-Central,25.68,536.6,252.08,5.0,In Transit,,0.3386763098141451,0.4989977714420888,0.570902345789464,-0.2287376961497259,0.42995435859184283,0.3249689862021268
ORD10886,2024-04-14,2024-04-18,Kolkata,Ahmedabad,Bluedart,Road,Wh-East,16.28,661.0,192.81,5.0,Delivered,4.0,0.21219409637540998,0.6229006112971702,0.44650020595512013,-0.7299168968072169,0.923047712416287,-0.2853549191032688
ORD11102,2024-06-28,,Delhi,Chennai,Dhl,Road,Wh-North,36.98,369.6,203.89,4.0,In Transit,,0.49072407703305015,0.3326651809613925,0.4697560809233085,0.37374368336406644,-0.23199572250688863,-0.17126028656094094
ORD10532,2024-07-05,2024-07-13,Mumbai,Chennai,Delhivery,Rail,Wh-Central,23.37,815.7,225.91,4.0,Delivered,8.0,0.307593978639307,0.7769823582873722,0.5159739840640585,-0.3518998188644923,1.5362433863442737,0.05548734959267497
ORD10191,2024-06-16,,Kolkata,Delhi,Dhl,Road,Wh-West,26.2,310.1,194.76,2.0,Delayed,,0.34567319821713893,0.27340297058054563,0.4505930720370666,-0.20101288930484343,-0.46784021247919116,-0.26527508756377977
ORD10570,2024-05-27,2024-05-30,Delhi,Mumbai,Fedex,Rail,Wh-Central,15.21,521.7,174.51,4.0,Delivered,3.0,0.197796652930788,0.4841573187584818,0.40809023195531424,-0.7869660185841867,0.3708941417752495,-0.4737964150892439
ORD11110,2024-04-29,2024-05-02,Jaipur,Mumbai,Bluedart,Road,Wh-Central,33.11,246.4,202.33,5.0,Delivered,3.0,0.4386510806492305,0.20995754534928607,0.4664817880577513,0.16740714011465269,-0.7203325488024798,-0.18732415179253198
ORD10529,2024-08-17,,Bengaluru,Mumbai,Xpressbees,Road,Wh-East,34.92,278.2,219.37,5.0,Delayed,,0.4630056345134976,0.24163045778812522,0.5022471408969148,0.2639107947093399,-0.5942845692878711,-0.011857316185919287
ORD10368,2024-04-22,,Chennai,Jaipur,Dhl,Road,Wh-Central,12.99,229.5,55.97,4.0,Delayed,,0.16792532167185265,0.19312508559405392,0.15928595228662654,-0.9053296170373387,-0.7873203115004952,-1.6944442257000347
ORD10277,2024-07-06,,Delhi,Ahmedabad,Fedex,Road,Wh-West,25.84,226.0,238.15,5.0,Cancelled,,0.34082919855352783,0.18963907321870999,0.5416645896245844,-0.2202069863513005,-0.8011935167929836,0.18152690756362228
ORD10987,2024-10-13,2024-10-18,Mumbai,Lucknow,Delhivery,Sea,Wh-South,29.8,716.5,326.09,4.0,Delivered,5.0,0.3941131948532503,0.6781788075347669,0.7262423553919574,-0.009071918840272301,1.1430371106257458,1.087075823247045
ORD10981,2024-06-06,2024-06-12,Pune,Chennai,Dhl,Road,Wh-East,21.62,436.9,217.6,2.0,Delivered,6.0,0.28404675805230845,0.39969621892157725,0.49853207783791714,-0.44520445728476987,0.03476619640295925,-0.03008362481407107
ORD10436,2024-01-10,2024-01-14,Jaipur,Lucknow,Dhl,Road,Wh-East,63.04,584.3,338.13,4.0,Delivered,4.0,0.8413758304600117,0.5465071401003474,0.7515131798158734,1.7631830417826004,0.6190263278637557,1.2110559113165063
ORD10070,2024-05-05,2024-05-06,Bengaluru,Ahmedabad,Fedex,Air,Wh-North,57.92,94.4,324.85,5.0,Delivered,1.0,0.7724833907997645,0.05856500790577809,0.723639712344976,1.4902003282329883,-1.3228260357905466,1.0743071098578318
ORD11191,2024-11-25,2024-11-30,Chennai,Hyderabad,Dhl,Road,Wh-West,7.35,550.5,59.75,1.0,Delivered,5.0,0.09203599360861155,0.5128422205898833,0.16721981576855363,-1.2060371374318335,0.48505080246772514,-1.6555202445619481
ORD10539,2024-02-27,2024-02-29,Pune,Kolkata,Ekart,Road,Wh-North,74.82875000000001,314.4,100.7,4.0,Delivered,2.0,1.0,0.27768578578453956,0.25317000348943064,2.3917230738837714,-0.4507959888341342,-1.2338437822326762
ORD10827,2024-08-23,2024-08-26,Ahmedabad,Mumbai,Dhl,Road,Wh-Central,69.12,524.1,401.99,3.0,Delivered,3.0,0.9231856025565552,0.48654772724443185,0.8855492967354145,2.087350014122765,0.3804071968329557,1.868644650861007
ORD10855,2024-04-23,2024-04-24,Chennai,Delhi,Dhl,Air,Wh-South,58.07,121.0,368.5,5.0,Delivered,1.0,0.7745017239929358,0.08505870195839198,0.8152569454100868,1.498197868669012,-1.217389675567635,1.5237864158571655
ORD11072,2024-10-05,2024-10-09,Lucknow,Hyderabad,Bluedart,Road,Wh-North,21.02,616.9,160.18,4.0,Delivered,4.0,0.2759734252796232,0.5789768553678367,0.37801291351721494,-0.4771946190288651,0.7482453257309333,-0.6213574335307204
ORD10776,2024-05-28,2024-05-31,Chennai,Ahmedabad,Delhivery,Road,Wh-South,23.31,382.4,123.31,5.0,Delivered,3.0,0.3067866453620384,0.3454140262197931,0.3006262609831799,-0.3550988350389019,-0.18125942886578844,-1.0010207098696766
ORD10527,2024-04-27,,Ahmedabad,Delhi,Ekart,Road,Wh-East,21.64,382.4,195.97,5.0,Cancelled,,0.2843158691447313,0.3454140262197931,0.45313274791355646,-0.4441381185599667,-0.18125942886578844,-0.252815294659789
ORD11131,2024-07-27,2024-07-31,Hyderabad,Lucknow,Ekart,Road,Wh-North,22.03,470.2,202.33,4.0,Delivered,4.0,0.28956353544697666,0.43286313666413523,0.4664817880577513,-0.4233445134263048,0.16675983532863448,-0.18732415179253198
ORD10132,2024-09-21,2024-09-22,Chennai,Kolkata,Fedex,Air,Wh-Central,60.51,115.3,253.76,3.0,Delivered,1.0,0.8073332772685223,0.07938148180426041,0.5744285073369871,1.628291193094999,-1.2399831813296875,0.34226853337460955
ORD10222,2024-03-08,2024-03-15,Delhi,Kolkata,Ekart,Rail,Wh-East,46.41,524.6,283.98,2.0,Delivered,7.0,0.6176099571104195,0.4870457290123381,0.637857437078743,0.8765223921087623,0.38238908330331123,0.6534544354891543
ORD11187,2024-01-03,2024-01-06,Delhi,Lucknow,Bluedart,Road,Wh-West,10.12,448.2,204.61,4.0,Delivered,3.0,0.12930787990917497,0.4109510588762591,0.4712672930151042,-1.0583492240465944,0.07955683063299322,-0.16384619491559083
ORD10267,2024-12-09,2024-12-14,Delhi,Ahmedabad,Xpressbees,Road,Wh-South,25.03,586.1,158.45,4.0,Delivered,5.0,0.3299301993104028,0.5482999464648101,0.3743818066855393,-0.26339370470582896,0.6261611191570357,-0.639171848178575
ORD10970,2024-10-03,,Hyderabad,Chennai,Xpressbees,Air,Wh-Central,14.03,126.8,111.06,4.0,Delayed,,0.18191909847784035,0.09083552246610477,0.2749146663658235,-0.849880003347574,-1.1943997925115115,-1.127163241335698
ORD10081,2024-11-14,2024-11-20,Mumbai,Hyderabad,Fedex,Rail,Wh-South,4.53,481.3,38.55,2.0,Delivered,6.0,0.054091329576991004,0.44391877591165463,0.12272301528790425,-1.3563908976290808,0.2107577149705263,-1.873824054119471
ORD11082,2024-12-08,2024-12-09,Kolkata,Hyderabad,Fedex,Road,Wh-East,23.87,134.0,137.11,2.0,Delivered,1.0,0.314321755949878,0.09800674792395517,0.329591159409263,-0.32524135074441296,-1.1658606273383925,-0.858917286667138
ORD10610,2024-10-07,2024-10-10,Mumbai,Ahmedabad,Bluedart,Rail,Wh-North,22.13,227.7,129.89,4.0,Delivered,3.0,0.29090909090909084,0.1913322792295913,0.31443706037764557,-0.41801281980228905,-0.794455102793775,-0.9332641501107851
ORD10115,2024-08-24,2024-08-28,Kolkata,Ahmedabad,Delhivery,Road,Wh-East,20.42,315.7,182.83,5.0,Delivered,4.0,0.26790009250693797,0.2789805903810959,0.4255531272382861,-0.5091847807729601,-0.4456430840112099,-0.3881224671874234
ORD10699,2024-09-29,2024-09-30,Pune,Mumbai,Bluedart,Air,Wh-East,43.43,213.2,302.87,4.0,Delivered,1.0,0.5775124043394163,0.17689022796030932,0.6775057654315481,0.7176379221130897,-0.851929810434084,0.8479713676845131
ORD10412,2024-05-10,,Jaipur,Ahmedabad,Dhl,Air,Wh-East,20.67,187.3,203.51,4.0,In Transit,,0.2712639811622235,0.15109373638276422,0.46895849676374973,-0.49585554671292054,-0.9545915295984979,-0.17517327937376442
ORD10888,2024-03-19,,Chennai,Delhi,Delhivery,Road,Wh-Central,8.66,533.6,194.36,5.0,Delayed,,0.10966277016230762,0.4960097608346511,0.44975350976384687,-1.1361919509572258,0.41806303976970993,-0.26939402736675166
ORD10208,2024-02-15,2024-02-25,Mumbai,Jaipur,Fedex,Sea,Wh-North,20.67,628.8,201.01,3.0,Delivered,10.0,0.2712639811622235,0.590829297444006,0.463711232556126,-0.49585554671292054,0.7954142237253937,-0.20091665314234022
ORD10344,2024-11-27,2024-11-29,Ahmedabad,Pune,Xpressbees,Air,Wh-North,8.51,197.8,149.83,4.0,Delivered,2.0,0.10764443696913631,0.16155177350879601,0.3562892396976526,-1.1441894913932495,-0.9129719137210328,-0.7279350009326242
ORD10329,2024-02-16,2024-02-18,Delhi,Pune,Dhl,Road,Wh-North,18.68,203.9,153.6,4.0,Delivered,2.0,0.24448742746615082,0.16762739507725258,0.36420211412274917,-0.6019562498308363,-0.8887928987826959,-0.689113993289612
ORD11114,2024-11-12,2024-11-15,Mumbai,Bengaluru,Bluedart,Road,Wh-South,8.27,282.0,61.47,3.0,Delivered,3.0,0.10441510386006221,0.24541527122421292,0.1708299335433988,-1.1569855560908877,-0.5792222321131694,-1.637808803409168
ORD10014,2024-03-29,,Lucknow,Jaipur,Fedex,Road,Wh-East,30.38,317.8,243.41,5.0,Delayed,,0.40191741653351265,0.28107219780630227,0.5527048335174247,0.021851904179019613,-0.43731916083571676,0.2356909659727057
ORD10306,2024-04-10,2024-04-15,Jaipur,Chennai,Xpressbees,Road,Wh-West,10.0,502.3,172.56,4.0,Delivered,5.0,0.12769321335463796,0.4648348501637182,0.40399736587336776,-1.0647472563954132,0.2939969467254566,-0.4938762466287329
ORD10485,2024-11-12,2024-11-18,Chennai,Mumbai,Xpressbees,Rail,Wh-West,23.67,490.2,216.65,4.0,Delivered,6.0,0.31163064502564963,0.4527832073803863,0.49653811743902015,-0.33590473799244464,0.24603529414285383,-0.03986610684612976
ORD10819,2024-10-30,2024-10-31,Lucknow,Ahmedabad,Delhivery,Air,Wh-South,49.62,159.0,323.12,4.0,Delivered,1.0,0.6608022874442855,0.12290683631926898,0.7200086055133004,1.0476697574396716,-1.0667663038206183,1.0564926952099771
ORD10722,2024-06-28,2024-06-30,Ahmedabad,Jaipur,Ekart,Air,Wh-East,44.08,153.0,240.41,5.0,Delivered,2.0,0.5862585148431586,0.11693081510439365,0.5464081164682763,0.7522939306691928,-1.0905489414648841,0.20479891745041473
ORD10729,2024-05-11,2024-05-17,Bengaluru,Kolkata,Delhivery,Road,Wh-West,18.76,482.5,150.67,2.0,Delivered,6.0,0.24556387183584222,0.44511398015462966,0.3580523204714141,-0.5976908949316235,0.21551424249937942,-0.7192852273463829
ORD10680,2024-01-23,2024-01-28,Hyderabad,Jaipur,Bluedart,Rail,Wh-Central,40.33,464.2,313.61,5.0,Delivered,5.0,0.5358001850138759,0.42688711544925995,0.7000480124674997,0.5523554197685979,0.1429771976843687,0.9585649013943148
ORD11031,2024-08-05,2024-08-07,Lucknow,Kolkata,Fedex,Air,Wh-North,19.87,140.7,202.67,5.0,Delivered,2.0,0.26049953746530985,0.10467997161389926,0.4671954159899881,-0.5385090957050475,-1.139303348635629,-0.18382305296000592
ORD11170,2024-04-25,2024-05-05,Chennai,Hyderabad,Delhivery,Sea,Wh-East,44.41,925.4,350.29,5.0,Delivered,10.0,0.5906988478681354,0.8862439461660091,0.7770358729217554,0.7698885196284451,1.9710692779402665,1.3362716813268594
ORD10957,2024-03-23,2024-04-04,Kolkata,Delhi,Xpressbees,Sea,Wh-Central,25.52,1039.6124999999997,158.16,4.0,Delivered,12.0,0.33652342107476235,1.0,0.3737731240374549,-0.2372684059481513,2.423781694931217,-0.6421580795357297
ORD10988,2024-11-19,2024-11-24,Mumbai,Chennai,Fedex,Road,Wh-South,74.82875000000001,706.2,456.51875000000007,5.0,Delivered,5.0,1.0,0.6679199711158976,1.0,2.3917230738837714,1.102210249336423,2.430146247814299
ORD11103,2024-04-20,2024-04-24,Jaipur,Mumbai,Xpressbees,Road,Wh-West,13.43,436.7,142.24,2.0,Delivered,4.0,0.17384576570515514,0.39949701821441475,0.3403585455633069,-0.881870165091669,0.0339734418148171,-0.8060918836940204
ORD10006,2024-09-23,2024-09-26,Delhi,Mumbai,Xpressbees,Road,Wh-North,26.2,226.2,282.01,5.0,Delivered,3.0,0.34567319821713893,0.1898382739258725,0.6337225928831355,-0.20101288930484343,-0.8004007622048414,0.6331686569595163
ORD10978,2024-12-07,2024-12-13,Kolkata,Chennai,Dhl,Rail,Wh-East,10.54,699.0,98.08,3.0,Delivered,6.0,0.13495921285005463,0.6607487456580473,0.24767087059984097,-1.0359561108257276,1.0736710841633037,-1.2608228379421438
ORD10817,2024-12-16,2024-12-21,Kolkata,Hyderabad,Delhivery,Road,Wh-Central,69.55,446.1,384.83,4.0,Delivered,5.0,0.9289714910436463,0.4088594514510528,0.849532075214285,2.110276296706033,0.07123290745750033,1.6919421333135025
ORD10367,2024-12-28,2024-12-31,Hyderabad,Pune,Delhivery,Road,Wh-East,10.47,366.6,178.58,3.0,Delivered,3.0,0.1340173240265747,0.32967717035395483,0.4166327780853257,-1.0396882963625387,-0.24388704132902153,-0.43188620259400223
ORD11173,2024-05-19,2024-05-22,Kolkata,Lucknow,Fedex,Road,Wh-North,29.49,440.5,231.81,1.0,Delivered,3.0,0.3899419729206962,0.40328183165050246,0.5283575275940506,-0.025600169074721596,0.04903577898951882,0.11624171168651397
ORD10574,2024-08-08,2024-08-10,Kolkata,Lucknow,Delhivery,Road,Wh-West,73.38,179.3,303.91,5.0,Delivered,2.0,0.9805062652426202,0.1431257080962638,0.6796886273419196,2.3144801625058404,-0.9863017131241857,0.8586806111722408
ORD10135,2024-05-23,,Delhi,Jaipur,Dhl,Road,Wh-North,65.68,470.7,374.84,5.0,In Transit,,0.8768984946598267,0.43336113843204155,0.8285640074406205,1.9039397534566196,0.16874172179898997,1.5890716117342734
ORD10375,2024-02-18,2024-02-21,Delhi,Kolkata,Ekart,Road,Wh-East,13.62,363.6,204.73,4.0,Delivered,3.0,0.1764023210831721,0.3266891597465172,0.47151916169707003,-0.8717399472060391,-0.25577836015115446,-0.16261051297469942
ORD10952,2024-08-04,2024-08-08,Hyderabad,Mumbai,Delhivery,Road,Wh-South,33.55,431.6,212.97,5.0,Delivered,4.0,0.44457152468253297,0.39441740018177074,0.48881414452539795,0.19086659206032236,0.013758199817191306,-0.07776035303347344
ORD10026,2024-06-07,,Kolkata,Ahmedabad,Fedex,Road,Wh-South,71.81,313.6,341.03,4.0,In Transit,,0.9593810444874273,0.2768889829558896,0.7576000062967169,2.230772572608792,-0.4539670071867028,1.240918224888054
ORD10771,2024-09-02,2024-09-05,Jaipur,Pune,Fedex,Rail,Wh-West,59.2,311.5,305.07,5.0,Delivered,3.0,0.7897065007148263,0.2747973755306832,0.6821233579342569,1.5584460066203916,-0.4622909303621959,0.8706255366008596
ORD11156,2024-05-23,2024-05-25,Chennai,Delhi,Delhivery,Road,Wh-South,18.66,167.1,228.58,3.0,Delivered,2.0,0.24421831637372798,0.13097446495935064,0.5215780622378007,-0.6030225885556394,-1.0346597430008597,0.0829812727775141
ORD10453,2024-01-21,,Pune,Mumbai,Dhl,Air,Wh-South,30.36,112.2,216.7,3.0,In Transit,,0.4016483054410898,0.0762938708432415,0.4966430627231726,0.020785565454216462,-1.2522708774458917,-0.03935123937075843
ORD10679,2024-08-14,2024-08-17,Delhi,Ahmedabad,Dhl,Road,Wh-South,20.45,289.0,102.38,4.0,Delivered,3.0,0.2683037591455722,0.2523872959749008,0.2566961650369538,-0.5075852726857556,-0.5514758215281926,-1.2165442350601934
ORD10810,2024-06-23,2024-06-29,Jaipur,Bengaluru,Delhivery,Rail,Wh-North,11.88,781.2,158.45,4.0,Delivered,6.0,0.15298965604238499,0.7426202363018392,0.3743818066855393,-0.9645114162639148,1.3994932198897454,-0.639171848178575
ORD11161,2024-10-05,2024-10-06,Ahmedabad,Jaipur,Bluedart,Air,Wh-North,35.0,140.8,299.62,3.0,Delivered,1.0,0.4640820788831889,0.10477957196748053,0.6706843219616372,0.2681761496085525,-1.1389069713415578,0.8145049817853645
ORD11108,2024-11-07,,Delhi,Pune,Delhivery,Road,Wh-East,32.72,336.9,264.83,5.0,Cancelled,,0.4334034143469851,0.300095865340322,0.597663393248345,0.1466135349809908,-0.3616110976681374,0.45626019242186316
ORD10767,2024-05-23,2024-05-25,Chennai,Delhi,Dhl,Road,Wh-East,31.03,325.6,239.38,4.0,Delivered,2.0,0.410663527037255,0.2888410253856402,0.5442462436147353,0.05650791273512283,-0.4064017318981712,0.19419264745776146
ORD11146,2024-08-03,2024-08-07,Jaipur,Chennai,Ekart,Road,Wh-West,38.47,461.7,273.31,4.0,Delivered,4.0,0.5107728534185518,0.42439710660972857,0.6154621134406049,0.4531859183619029,0.13306776533259126,0.5435817162448725
ORD10640,2024-10-05,2024-10-12,Hyderabad,Kolkata,Fedex,Rail,Wh-East,35.98,799.7,326.28,5.0,Delivered,7.0,0.4772685224119081,0.7610463017143714,0.7266411474717368,0.32042674712390784,1.4728230192928982,1.0890323196534566
ORD10232,2024-10-17,2024-10-22,Pune,Delhi,Xpressbees,Rail,Wh-South,40.71,696.0,234.24,5.0,Delivered,5.0,0.54091329576991,0.6577607350506096,0.5334578684038609,0.5726158555398584,1.061779765341171,0.14126427098956973
ORD11136,2024-09-09,2024-09-12,Chennai,Kolkata,Delhivery,Road,Wh-West,55.62,405.3,352.99,5.0,Delivered,3.0,0.7415356151711378,0.3682225071899006,0.782702918265989,1.3675713748806233,-0.09048902852350717,1.364074524996921
ORD10979,2024-10-05,2024-10-24,Delhi,Pune,Delhivery,Sea,Wh-East,21.19,1039.6124999999997,265.48,5.0,Delivered,19.0,0.27826086956521734,1.0,0.5990276819423273,-0.46813073986803805,2.423781694931217,0.46295346960169326
ORD10028,2024-03-16,2024-03-22,Bengaluru,Mumbai,Bluedart,Rail,Wh-North,11.5,401.9,105.93,4.0,Delivered,6.0,0.147876545286351,0.3648360951681379,0.2641472802117796,-0.9847718520351753,-0.10396585652192458,-1.1799886443088157
ORD10648,2024-03-29,2024-03-31,Pune,Chennai,Xpressbees,Road,Wh-East,1.44,379.8,94.57,4.0,Delivered,2.0,0.012513665797662095,0.34282441702668054,0.24030371165233722,-1.521140230611171,-0.19156523851163682,-1.2969665347132242
ORD10890,2024-01-24,2024-01-29,Pune,Jaipur,Bluedart,Road,Wh-East,2.24,708.9,108.93,5.0,Delivered,5.0,0.02327810949457573,0.6706091806625915,0.2704439972609281,-1.478486681619044,1.1129124362763423,-1.1490965957865247
ORD10189,2024-05-04,2024-05-05,Delhi,Chennai,Delhivery,Road,Wh-East,42.46,115.6,333.28,4.0,Delivered,1.0,0.5644605163569085,0.0796802828650042,0.7413334872530832,0.665920493960136,-1.2387940494474745,1.161113766205469
ORD10288,2024-02-03,2024-02-05,Delhi,Kolkata,Xpressbees,Road,Wh-South,31.82,343.4,174.75,4.0,Delivered,2.0,0.4212934151879572,0.3065698883231036,0.40859396931924613,0.0986282923648481,-0.33584657355351616,-0.47132505120746054
ORD10701,2024-05-08,2024-05-11,Bengaluru,Ahmedabad,Delhivery,Road,Wh-East,0.51,382.4,202.33,1.0,Delivered,3.0,0.0,0.3454140262197931,0.4664817880577513,-1.5707249813145185,-0.18125942886578844,-0.18732415179253198
ORD10836,2024-09-24,2024-09-27,Bengaluru,Chennai,Fedex,Road,Wh-South,15.82,397.8,264.63,4.0,Delivered,3.0,0.20600454124968462,0.3607524806713065,0.5972436121117352,-0.7544426874776899,-0.12021732557883942,0.45420072252037724
ORD10456,2024-01-11,2024-01-14,Delhi,Chennai,Xpressbees,Road,Wh-East,48.68,382.4,231.4,5.0,Delivered,3.0,0.648154066100412,0.3454140262197931,0.5274969762640003,0.9975518373739225,-0.18125942886578844,0.11201979838846757
ORD11022,2024-03-31,2024-04-01,Ahmedabad,Lucknow,Delhivery,Road,Wh-Central,15.61,227.0,132.55,5.0,Delivered,1.0,0.2031788747792448,0.19063507675452254,0.32002014949455726,-0.7656392440881233,-0.7972297438522726,-0.9058732004210203
ORD10579,2024-07-23,2024-07-26,Bengaluru,Chennai,Delhivery,Road,Wh-Central,12.01,407.8,189.56,4.0,Delivered,3.0,0.15473887814313345,0.370712516029432,0.4396787624852092,-0.9575802145526945,-0.08057959617172974,-0.31882130500241734
ORD10821,2024-11-05,2024-11-06,Hyderabad,Delhi,Xpressbees,Road,Wh-West,39.67,119.3,215.24,1.0,Delivered,1.0,0.5269195189639223,0.08336549594751062,0.4935786604259204,0.5171662418500934,-1.2241280895668436,-0.054385369651606494
ORD10541,2024-03-29,2024-03-30,Lucknow,Delhi,Dhl,Air,Wh-East,20.98,125.1,128.63,5.0,Delivered,1.0,0.27543520309477754,0.08914231645522344,0.3117924392170032,-0.4793272964784714,-1.2011382065107203,-0.9462388104901472
ORD10915,2024-02-12,2024-02-17,Hyderabad,Delhi,Ekart,Road,Wh-South,29.64,348.2,202.33,5.0,Delivered,5.0,0.39196030611386756,0.31135070529500386,0.4664817880577513,-0.01760262863869769,-0.31682046343810344,-0.18732415179253198
ORD10078,2024-11-30,2024-12-06,Mumbai,Ahmedabad,Delhivery,Rail,Wh-South,21.09,922.2,263.84,4.0,Delivered,6.0,0.2769153141031031,0.883056734851409,0.595585476622126,-0.47346243349205397,1.9583852045299917,0.44606581640950704
ORD10606,2024-04-18,2024-05-04,Lucknow,Delhi,Delhivery,Sea,Wh-West,74.82875000000001,1039.6124999999997,366.97,1.0,Delivered,16.0,1.0,1.0,0.812045619715021,2.3917230738837714,2.423781694931217,1.5080314711107972
ORD10965,2024-05-20,2024-05-24,Hyderabad,Chennai,Fedex,Road,Wh-North,42.15,382.4,302.56,5.0,Delivered,4.0,0.5602892944243545,0.3454140262197931,0.6768551046698027,0.6493922437256866,-0.18125942886578844,0.8447791893372096
ORD10866,2024-12-14,2024-12-18,Delhi,Chennai,Xpressbees,Road,Wh-North,13.1,310.6,95.04595484395756,5.0,Delivered,4.0,0.16940543268017827,0.2739009723484519,0.24130269597919468,-0.8994647540509213,-0.4658583260088357,-1.2920654613352387
ORD10015,2024-01-31,2024-02-06,Hyderabad,Jaipur,Bluedart,Rail,Wh-North,13.56,475.6,223.7,5.0,Delivered,6.0,0.1755949878059036,0.43824155575752305,0.5113354025045191,-0.8749389633804483,0.18816420920847385,0.03273020718125387
ORD10481,2024-08-31,2024-09-03,Bengaluru,Jaipur,Dhl,Road,Wh-North,14.0,320.0,90.75,4.0,Delivered,3.0,0.1815154318392061,0.2832634055850899,0.23228589194308813,-0.8514795114347786,-0.4285988603661527,-1.336302409831608
ORD10791,2024-11-15,2024-11-22,Hyderabad,Delhi,Ekart,Sea,Wh-East,17.64,1039.6124999999997,207.35,5.0,Delivered,7.0,0.2304936506601631,1.0,0.47701829458665973,-0.6574058635206013,2.423781694931217,-0.13563145726523193
ORD10283,2024-07-01,2024-07-04,Chennai,Lucknow,Fedex,Road,Wh-North,74.82875000000001,227.0,345.69,1.0,Delivered,3.0,1.0,0.19063507675452254,0.7673809067797276,2.3917230738837714,-0.7972297438522726,1.2889038735926797
ORD11009,2024-06-02,,Jaipur,Ahmedabad,Xpressbees,Air,Wh-South,24.695,150.3,77.68,2.0,In Transit,,0.3254225885123202,0.11424160555769979,0.20485319466563118,-0.2812548783462821,-1.1012511284048037,-1.4708887678937224
ORD10985,2024-08-26,,Hyderabad,Pune,Dhl,Road,Wh-East,67.63,519.3,369.36,4.0,Delayed,,0.9031368261710535,0.48176691027253155,0.8170620042975093,2.0079077791249285,0.3613810867175428,1.5326421364335556
ORD10560,2024-10-21,,Mumbai,Pune,Xpressbees,Road,Wh-South,1.36,309.7,84.97,1.0,Delayed,,0.011437221427970734,0.27300456916622057,0.22015421709506203,-1.5254055855103839,-0.4694257216554757,-1.3958210899845553
ORD11061,2024-06-18,2024-06-19,Mumbai,Ahmedabad,Dhl,Air,Wh-South,33.12,101.4,196.86,3.0,Delivered,1.0,0.43878563619544186,0.06553703265646596,0.4550007739714706,0.16794030947705416,-1.2950796252055699,-0.24365065359817586
ORD10645,2024-06-08,2024-06-13,Pune,Hyderabad,Dhl,Road,Wh-East,14.78,524.8,138.32,4.0,Delivered,5.0,0.19201076444369689,0.48724492971950056,0.3321308352857528,-0.8098923011674549,0.38318183789145316,-0.8464574937631474
ORD10285,2024-04-26,2024-04-29,Kolkata,Jaipur,Xpressbees,Road,Wh-South,69.19,287.7,317.43,4.0,Delivered,3.0,0.9241274913800351,0.25109249137834444,0.7080658321767488,2.091082199659576,-0.5566287263511169,0.9979007765126986
ORD11088,2024-06-17,2024-06-20,Mumbai,Ahmedabad,Bluedart,Road,Wh-North,30.4,369.9,226.27,3.0,Delivered,3.0,0.4021865276259355,0.33296398202213623,0.5167295901099563,0.02291824290382276,-0.2308065906246755,0.05919439541535003
ORD10037,2024-05-20,2024-05-26,Mumbai,Delhi,Ekart,Rail,Wh-South,29.28,430.5,181.18,4.0,Delivered,6.0,0.38711630645025646,0.39332179629237696,0.42208993286125446,-0.03679672568515476,0.009398049582409152,-0.40511309387468347
ORD10558,2024-06-07,,Bengaluru,Pune,Xpressbees,Rail,Wh-West,9.82,392.6,159.87,3.0,Delayed,,0.12527121352283238,0.35557326228508124,0.3773622527554696,-1.0743443049186416,-0.1408289448705364,-0.6245496118780237
ORD10676,2024-02-10,2024-02-13,Pune,Hyderabad,Ekart,Road,Wh-Central,47.51,446.2,269.35,4.0,Delivered,3.0,0.6324110671936758,0.408959051804634,0.6071504469357288,0.9351710219729369,0.07162928475157129,0.5028042121954487
ORD10520,2024-09-15,2024-09-18,Jaipur,Ahmedabad,Fedex,Rail,Wh-South,21.63,490.2,227.21,5.0,Delivered,3.0,0.28418131359851984,0.4527832073803863,0.5187025614520229,-0.4446712879223684,0.24603529414285383,0.06887390395233452
ORD11043,2024-06-03,2024-06-08,Kolkata,Bengaluru,Xpressbees,Road,Wh-North,27.88,365.2,271.8,2.0,Delivered,5.0,0.3682785299806576,0.32828276540381723,0.6122927658592001,-0.11144043642137695,-0.24943632344601702,0.5280327184886529
ORD10500,2024-07-16,2024-07-19,Delhi,Kolkata,Ekart,Rail,Wh-South,45.16,296.9,314.0,4.0,Delivered,3.0,0.600790513833992,0.2602557239078199,0.7008665856838889,0.809876221808564,-0.5201620152965761,0.9625808677022125
ORD10134,2024-01-16,2024-01-18,Kolkata,Hyderabad,Delhivery,Road,Wh-South,12.95,233.3,99.46,2.0,Delivered,2.0,0.16738709948700695,0.19690989903014164,0.25056736044244926,-0.9074622944869453,-0.7722579743257935,-1.24661249562189
ORD10105,2024-02-17,2024-02-18,Kolkata,Hyderabad,Bluedart,Air,Wh-South,24.1,77.7,183.75,3.0,Delivered,1.0,0.3174165335127407,0.04193174885770846,0.42748412046669165,-0.31297845540917646,-1.38902104390042,-0.37864890564058756
ORD10667,2024-07-15,2024-07-18,Delhi,Bengaluru,Bluedart,Road,Wh-South,17.96,325.5,138.21,4.0,Delivered,3.0,0.23479942813892857,0.2887414250320589,0.33189995566061736,-0.6403444439237505,-0.40679810919224235,-0.8475902022089646
ORD10709,2024-07-05,2024-07-05,Pune,Chennai,Xpressbees,Air,Wh-North,19.24,132.2,93.45,4.0,Delivered,0.0,0.25202253805399033,0.09621394155949256,0.23795293728732178,-0.5720987655363475,-1.1729954186316722,-1.3084995661615462
ORD10125,2024-10-14,2024-10-17,Kolkata,Chennai,Xpressbees,Road,Wh-West,31.23,263.4,251.68,2.0,Delivered,3.0,0.4133546379614834,0.2268896054580994,0.5700627835162442,0.06717129998315452,-0.6529484088103935,0.3208500463991546
ORD11151,2024-01-12,2024-01-16,Bengaluru,Pune,Fedex,Road,Wh-South,36.77,662.0,230.61,3.0,Delivered,4.0,0.4878984105626104,0.6238966148329829,0.5258388407743912,0.3625471267536335,0.927011485356998,0.10388489227759769
ORD10463,2024-10-05,2024-10-08,Jaipur,Lucknow,Dhl,Rail,Wh-North,37.76,220.7,262.23,3.0,Delivered,3.0,0.501219409637541,0.18436025447890345,0.5922062384724164,0.41533089363139025,-0.8222015133787517,0.4294870837025447
ORD10700,2024-11-14,2024-11-20,Delhi,Hyderabad,Xpressbees,Rail,Wh-South,22.54,831.2,177.02,4.0,Delivered,6.0,0.29642586830375905,0.7924204130924667,0.4133584852197685,-0.39615287594382403,1.5976818669252937,-0.4479500678255936
ORD10793,2024-04-02,2024-04-07,Kolkata,Mumbai,Ekart,Rail,Wh-Central,14.68,441.4,122.01,4.0,Delivered,5.0,0.19066520898158268,0.40417823483273374,0.2978976835952155,-0.8152239947914708,0.0526031746361586,-1.014407264229336
ORD10637,2024-05-13,2024-05-21,Lucknow,Bengaluru,Delhivery,Rail,Wh-South,46.27,603.5,312.31,4.0,Delivered,8.0,0.6157261794634598,0.5656304079879485,0.6973194350795353,0.8690580210351404,0.6951307683254064,0.9451783470346553
ORD10384,2024-07-19,2024-07-21,Pune,Ahmedabad,Bluedart,Air,Wh-West,35.35,289.2,203.39,4.0,Delivered,2.0,0.4687915230005887,0.2525864966820633,0.46870662808178376,0.2868370772926081,-0.5506830669400505,-0.1764089613146561
ORD10766,2024-03-05,2024-03-08,Hyderabad,Kolkata,Ekart,Rail,Wh-North,9.7,430.1,77.62,5.0,Delivered,3.0,0.12365654696829532,0.39292339487805195,0.20472726032464822,-1.0807423372674607,0.007812540406124856,-1.4715066088641682
ORD10161,2024-03-09,2024-03-12,Bengaluru,Hyderabad,Dhl,Road,Wh-North,20.34,282.8,134.98,4.0,Delivered,3.0,0.2668236481372466,0.24621207405286297,0.32512049030436746,-0.513450135672173,-0.5760512137606006,-0.8808506411179647
ORD10565,2024-12-28,2025-01-01,Jaipur,Bengaluru,Ekart,Road,Wh-East,25.57,432.3,153.32,4.0,Delivered,4.0,0.33719619880581947,0.39511460265683956,0.36361442053149534,-0.2346025591361433,0.016532840875688938,-0.6919972511516925
ORD10799,2024-05-25,2024-05-27,Chennai,Delhi,Delhivery,Road,Wh-East,74.82875000000001,278.5,396.61,4.0,Delivered,2.0,1.0,0.24192925884886898,0.8742571841606082,2.3917230738837714,-0.5930954374056578,1.813244910511032
ORD10501,2024-04-19,,Pune,Mumbai,Bluedart,Rail,Wh-North,17.47,247.6,138.12,3.0,Cancelled,,0.22820620637456893,0.2111527495922611,0.331711054149143,-0.6664697426814283,-0.7155760212736267,-0.8485169636646334
ORD10199,2024-07-11,2024-07-14,Ahmedabad,Hyderabad,Fedex,Rail,Wh-South,21.03,264.8,125.53,5.0,Delivered,3.0,0.27610798082583465,0.22828401040823704,0.3052858315995497,-0.47666144966646345,-0.647399126693398,-0.9781605939631812
ORD11007,2024-10-25,2024-10-31,Delhi,Lucknow,Bluedart,Sea,Wh-West,15.3,433.4,82.83,4.0,Delivered,6.0,0.19900765284669075,0.3962102065462333,0.2156625589333361,-0.7821674943225724,0.020892991110470865,-1.4178574179304564
ORD10797,2024-06-18,2024-06-19,Kolkata,Mumbai,Xpressbees,Road,Wh-West,24.96,168.1,181.37,5.0,Delivered,1.0,0.32898831048692284,0.1319704684951632,0.42248872494103384,-0.26712589024264005,-1.0306959700601486,-0.4031565974682717
ORD10784,2024-09-22,,Chennai,Lucknow,Dhl,Rail,Wh-Central,44.4,704.1,169.11,5.0,Cancelled,,0.5905642923219241,0.6658283636906913,0.396756141266847,0.7693553502660435,1.0938863261609297,-0.5294021024293675
ORD10373,2024-09-25,2024-10-09,Pune,Ahmedabad,Fedex,Sea,Wh-Central,34.78,1039.6124999999997,396.78,4.0,Delivered,14.0,0.4611218568665377,1.0,0.8746139981267265,0.2564464236357177,2.423781694931217,1.8149954599272948
ORD10441,2024-09-06,2024-09-10,Delhi,Lucknow,Fedex,Road,Wh-West,26.84,292.6,139.09,5.0,Delivered,4.0,0.35428475317466984,0.255972908703826,0.33374699266170094,-0.16689005011114189,-0.5372062389416331,-0.8385285346424259
ORD10119,2024-10-06,2024-10-07,Chennai,Ahmedabad,Delhivery,Air,Wh-North,20.55,93.7,104.87,5.0,Delivered,1.0,0.26964931460768643,0.057867805430709296,0.2619224401877471,-0.5022535790617396,-1.3256006768490445,-1.1909038347866918
ORD10489,2024-04-07,2024-04-09,Mumbai,Lucknow,Dhl,Road,Wh-East,21.92,276.7,184.74,4.0,Delivered,2.0,0.28808342443865104,0.24013645248440638,0.4295620370929107,-0.4292093764127222,-0.6002302286989376,-0.3684545296282315
ORD10552,2024-07-01,,Delhi,Pune,Delhivery,Air,Wh-East,8.84,170.9,70.8,4.0,Delayed,,0.11208476999411318,0.13475927839543836,0.1904127235662506,-1.1265949024339972,-1.0195974058261577,-1.5417345325048428
ORD10080,2024-11-19,2024-11-22,Hyderabad,Lucknow,Ekart,Rail,Wh-West,38.14,462.8,287.19,5.0,Delivered,3.0,0.5063325203935749,0.4254927104991224,0.6445949243213319,0.43559132940265066,0.13742791556737344,0.6865089274080054
ORD11106,2024-05-09,2024-05-13,Pune,Bengaluru,Xpressbees,Sea,Wh-Central,17.21,373.3,226.05,4.0,Delivered,4.0,0.22470776217307203,0.33635039404389894,0.5162678308596855,-0.6803321461038694,-0.2173297626262581,0.05692897852371537
ORD10693,2024-01-16,2024-01-20,Ahmedabad,Chennai,Delhivery,Road,Wh-Central,9.29,523.1,38.09,3.0,Delivered,4.0,0.1181397695736271,0.4855517237086193,0.12175751867370149,-1.102602281125926,0.3764434238922448,-1.878560834892889
ORD11134,2024-10-11,2024-10-17,Jaipur,Kolkata,Xpressbees,Rail,Wh-West,5.85,701.2,147.11,3.0,Delivered,6.0,0.07185266167689848,0.6629399534368349,0.350580216239758,-1.2860125417920714,1.082391384632868,-0.7559437915928346
ORD11056,2024-05-03,2024-05-07,Bengaluru,Mumbai,Dhl,Road,Wh-South,31.78,632.1,217.88,3.0,Delivered,4.0,0.42075519300311154,0.5941161091121875,0.4991197714291711,0.0964956149152418,0.8084946744297401,-0.027200366951990566
ORD10374,2024-12-08,2024-12-12,Bengaluru,Ahmedabad,Ekart,Road,Wh-South,55.58,348.6,202.33,4.0,Delivered,4.0,0.7409973929862921,0.3117491067093289,0.4664817880577513,1.365438697431017,-0.3152349542618189,-0.18732415179253198
ORD10211,2024-01-28,,Chennai,Delhi,Dhl,Sea,Wh-East,14.86,531.9,210.69,4.0,Cancelled,,0.19308720881338826,0.49431655482376974,0.48402863956804515,-0.8056269462682423,0.4113246257705011,-0.1012383099104146
ORD11123,2024-11-01,2024-11-06,Jaipur,Hyderabad,Fedex,Road,Wh-Central,54.04,750.8,370.45,4.0,Delivered,5.0,0.7202758388697333,0.7123417288131374,0.8193498114920332,1.2833306156211728,1.2789945224921315,1.5438662473966545
ORD10578,2024-11-18,2024-11-20,Lucknow,Mumbai,Fedex,Road,Wh-North,30.31,241.5,121.17,4.0,Delivered,2.0,0.4009755277100327,0.20507712802380454,0.29613460282145393,0.018119718642208495,-0.7397550362119636,-1.0230570378155774
ORD10518,2024-08-29,2024-09-02,Mumbai,Lucknow,Fedex,Road,Wh-Central,10.41,632.2,114.56,4.0,Delivered,4.0,0.1332099907493062,0.5942157094657688,0.2822608362564968,-1.0428873125369482,0.8088910517238114,-1.091122518059692
ORD10118,2024-11-18,2024-11-19,Lucknow,Pune,Xpressbees,Air,Wh-South,14.23,110.0,73.08,5.0,Delivered,1.0,0.1846102094020688,0.0741026630644539,0.19519822852360347,-0.8392166160995421,-1.2609911779154557,-1.518256575627902
ORD10662,2024-07-06,2024-07-07,Pune,Ahmedabad,Delhivery,Air,Wh-East,47.03,106.5,288.01,5.0,Delivered,1.0,0.6259524009755277,0.07061665068910997,0.6463160269814324,0.9095788925776609,-1.274864383207944,0.6949527540040983
ORD10544,2024-11-24,,Delhi,Mumbai,Delhivery,Road,Wh-East,29.74,452.6,202.89,4.0,In Transit,,0.39330586157598174,0.41533347443383434,0.467657175240259,-0.01227093501468194,0.09699743157212161,-0.18155763606837128
ORD10943,2024-09-01,2024-09-03,Delhi,Kolkata,Delhivery,Road,Wh-South,14.08,256.5,45.2,4.0,Delivered,2.0,0.18259187620889747,0.22001718106099283,0.13668073808018344,-0.847214156535566,-0.6802984421012991,-1.8053466798950595
ORD10909,2024-01-13,2024-01-18,Bengaluru,Mumbai,Ekart,Road,Wh-West,14.91,414.6,131.88,3.0,Delivered,5.0,0.19375998654444537,0.37748534007295736,0.3186138826869141,-0.8029610994562343,-0.05362594017489513,-0.9127724245909987
ORD10907,2024-12-07,2024-12-19,Bengaluru,Pune,Xpressbees,Sea,Wh-West,36.5,1039.6124999999997,261.55,5.0,Delivered,12.0,0.484265410814902,1.0,0.5907789826079427,0.3481515539687905,2.423781694931217,0.422484886037492
ORD10859,2024-11-28,2024-12-02,Hyderabad,Jaipur,Bluedart,Road,Wh-East,16.31,290.5,180.03,4.0,Delivered,4.0,0.2125977630140442,0.25388130127861963,0.41967619132574746,-0.7283173887200123,-0.5455301621171262,-0.4169550458082284
ORD10547,2024-12-19,2024-12-23,Kolkata,Delhi,Xpressbees,Road,Wh-West,22.26,470.5,108.86,5.0,Delivered,4.0,0.29265831300983935,0.43316193772487904,0.2702970738631146,-0.4110816180910683,0.16794896721084782,-1.1498174102520449
ORD10127,2024-05-24,2024-05-30,Kolkata,Chennai,Delhivery,Road,Wh-East,74.82875000000001,382.4,202.33,5.0,Delivered,6.0,1.0,0.3454140262197931,0.4664817880577513,2.3917230738837714,-0.18125942886578844,-0.18732415179253198
ORD10763,2024-08-08,2024-08-09,Mumbai,Bengaluru,Delhivery,Air,Wh-South,74.82875000000001,171.2,456.51875000000007,1.0,Delivered,1.0,1.0,0.13505807945618212,1.0,2.3917230738837714,-1.0184082739439446,2.430146247814299
ORD10792,2024-11-27,2024-11-28,Lucknow,Delhi,Ekart,Air,Wh-South,21.66,224.5,169.44,4.0,Delivered,1.0,0.2845849802371541,0.18814506791499117,0.39744878014225327,-0.44307177983516355,-0.80713917620405,-0.5260039770919156
ORD10636,2024-10-18,2024-10-25,Kolkata,Hyderabad,Dhl,Sea,Wh-Central,51.83,1028.5,269.125,4.0,Delivered,7.0,0.6905390631570094,0.9889319107082832,0.6066781931570426,1.1655001865304222,2.3797342681275677,0.5004873085562765
ORD10399,2024-06-11,,Ahmedabad,Kolkata,Delhivery,Road,Wh-West,26.57,470.3,209.8,5.0,Delayed,,0.35065175342696153,0.43296273701771654,0.4821606135101311,-0.18128562289598468,0.16715621262270566,-0.11040295097202744
ORD10174,2024-10-14,2024-10-17,Ahmedabad,Kolkata,Dhl,Road,Wh-East,63.15,304.6,402.91,5.0,Delivered,3.0,0.8428559414683373,0.2679249511335766,0.88748028996382,1.7690479047690177,-0.4896409636531015,1.8781182124078433
ORD10320,2024-02-05,2024-02-09,Jaipur,Ahmedabad,Bluedart,Road,Wh-North,63.76,563.6,282.5,4.0,Delivered,4.0,0.8510638297872339,0.5258898669090277,0.6347510566678297,1.8015712358755145,0.536976227991039,0.6382143582181572
ORD11118,2024-12-29,2024-12-31,Hyderabad,Delhi,Bluedart,Air,Wh-Central,74.82875000000001,259.1,256.07,5.0,Delivered,2.0,1.0,0.22260679025410549,0.5792769794648315,2.3917230738837714,-0.6699926324554505,0.3660554107367736
ORD10469,2024-04-04,,Kolkata,Delhi,Dhl,Road,Wh-North,5.08,281.8,152.5,4.0,In Transit,,0.06149188461861912,0.24521607051705044,0.3618933178713948,-1.3270665826969936,-0.5800149867013116,-0.7004410777477853
ORD10787,2024-12-18,,Pune,Chennai,Dhl,Road,Wh-South,16.21,278.9,103.24,1.0,In Transit,,0.21125220755193003,0.242327660263194,0.25850122392437636,-0.733649082344028,-0.5915099282293735,-1.2076885144838032
ORD11150,2024-09-28,2024-10-02,Hyderabad,Chennai,Fedex,Road,Wh-East,4.76,560.1,128.93,5.0,Delivered,4.0,0.05718610713985366,0.5224038545336838,0.3124221109219181,-1.3441280022938444,0.5231030226985506,-0.943149605637918
ORD10079,2024-03-24,2024-03-29,Pune,Mumbai,Xpressbees,Rail,Wh-North,9.76,381.9,175.59,4.0,Delivered,5.0,0.12446388024556386,0.34491602445188685,0.41035705009300766,-1.0775433210930514,-0.18324131533614393,-0.462675277621219
ORD11036,2024-11-08,,Chennai,Bengaluru,Delhivery,Road,Wh-West,53.01,570.9,341.33,4.0,Cancelled,,0.706416617609957,0.5331606927204593,0.7582296780016318,1.2284141712938093,0.5659117704582288,1.2440074297402832
ORD10457,2024-08-12,2024-08-16,Chennai,Hyderabad,Bluedart,Rail,Wh-West,12.63,574.6,111.32,3.0,Delivered,4.0,0.16308132200824152,0.5368459058029658,0.27546038184341637,-0.9245237140837959,0.5805777303388595,-1.1244859304637662
ORD10290,2024-04-24,,Delhi,Kolkata,Fedex,Sea,Wh-North,9.13,866.5,197.36,4.0,Delayed,,0.11598688083424438,0.8275793379066498,0.45605022681299534,-1.111132990924351,1.7376030517323906,-0.2385019788444607
ORD10370,2024-01-29,,Mumbai,Kolkata,Delhivery,Road,Wh-North,21.27,316.8,179.87,4.0,Delayed,,0.2793373139349087,0.28007619427048974,0.4193403664164596,-0.46386538496882546,-0.44128293377642774,-0.4186026217294172
ORD11011,2024-01-02,2024-01-05,Mumbai,Chennai,Dhl,Road,Wh-Central,35.47,472.1,202.33,3.0,Delivered,3.0,0.4704061895551257,0.43475554338217914,0.4664817880577513,0.293235109641427,0.17429100391598545,-0.18732415179253198
ORD10477,2024-01-09,,Mumbai,Ahmedabad,Xpressbees,Sea,Wh-South,38.87,999.2,322.66,4.0,Cancelled,,0.5161550752670085,0.9597490071089756,0.7190431088990977,0.47451269285796627,2.2635957209647364,1.0517559144365594
ORD10910,2024-02-10,2024-02-11,Chennai,Kolkata,Xpressbees,Air,Wh-North,9.93,104.3,87.04,2.0,Delivered,1.0,0.126751324531158,0.06842544291032233,0.2244989518589745,-1.0684794419322243,-1.2835846836775082,-1.3745055765041743
ORD11083,2024-09-09,2024-09-10,Chennai,Ahmedabad,Fedex,Air,Wh-South,12.6,102.5,53.98,4.0,Delivered,1.0,0.16267765536960724,0.06663263654585977,0.15510912997735804,-0.9261232221710006,-1.290719474970788,-1.7149359512198212
ORD10473,2024-08-20,2024-08-31,Chennai,Kolkata,Xpressbees,Sea,Wh-South,63.22,785.4,269.125,3.0,Delivered,11.0,0.8437978302918172,0.7468034511522518,0.6066781931570426,1.7727800903058288,1.4161410662407312,0.5004873085562765
ORD10197,2024-10-16,2024-10-19,Hyderabad,Delhi,Bluedart,Road,Wh-East,26.63,349.1,157.84,3.0,Delivered,3.0,0.35145908670423004,0.3122471084772352,0.37310147421887907,-0.17808660672157525,-0.31325306779146345,-0.6454532313781073
ORD10185,2024-05-20,2024-05-24,Bengaluru,Delhi,Fedex,Road,Wh-North,60.48,578.0,417.28,4.0,Delivered,4.0,0.806929610629888,0.5402323178247285,0.9176415646292413,1.6266916850077942,0.5940545583372767,2.0260911248296165
ORD10678,2024-10-05,2024-10-10,Delhi,Mumbai,Delhivery,Road,Wh-Central,22.48,638.9,134.43,5.0,Delivered,5.0,0.29561853502649055,0.6008889331557128,0.3239660921786903,-0.39935189211823346,0.8354483304265745,-0.8865141833470512
ORD10421,2024-10-04,2024-10-07,Pune,Jaipur,Bluedart,Road,Wh-West,8.76,505.0,130.98,4.0,Delivered,3.0,0.11100832562442182,0.4675240597104121,0.31672486757216944,-1.13086025733321,0.30469913366537615,-0.9220400391476861
ORD10451,2024-12-16,2024-12-18,Delhi,Jaipur,Delhivery,Road,Wh-South,64.61,382.4,333.62,1.0,Delivered,2.0,0.8625010512152046,0.3454140262197931,0.7420471151853202,1.8468906316796494,-0.18125942886578844,1.1646148650379955
ORD10256,2024-05-17,2024-05-20,Chennai,Lucknow,Bluedart,Road,Wh-East,3.42,321.0,115.86,4.0,Delivered,3.0,0.03915566394752334,0.2842594091209024,0.28498941364446106,-1.4155726968556568,-0.4246350874254417,-1.0777359637000326
ORD10745,2024-04-24,2024-04-28,Delhi,Ahmedabad,Ekart,Road,Wh-North,59.47,353.1,310.88,4.0,Delivered,4.0,0.7933395004625347,0.3162311226204854,0.6943179999527745,1.5728415794052342,-0.29739797602861956,0.9304531372390299
ORD10818,2024-06-20,2024-06-26,Jaipur,Hyderabad,Delhivery,Rail,Wh-West,24.44,588.9,234.35,4.0,Delivered,6.0,0.321991422083929,0.5510887563650853,0.5336887480289962,-0.29485069708752254,0.6372596833910262,0.1423969794353869
ORD10583,2024-08-15,,Hyderabad,Delhi,Dhl,Sea,Wh-East,25.52,1039.6124999999997,252.02,5.0,In Transit,,0.33652342107476235,1.0,0.5707764114484809,-0.2372684059481513,2.423781694931217,0.32435114523168096
ORD10921,2024-05-03,2024-05-04,Hyderabad,Bengaluru,Delhivery,Road,Wh-East,30.64,178.9,265.82,3.0,Delivered,1.0,0.4054158607350096,0.14272730668193878,0.5997413098745641,0.03571430760146094,-0.9878872223004701,0.4664545684342193
ORD11097,2024-03-28,2024-03-31,Ahmedabad,Jaipur,Xpressbees,Road,Wh-East,16.17,317.4,93.53,5.0,Delivered,3.0,0.21071398536708436,0.2806737963919772,0.23812084974196573,-0.7357817597936344,-0.4389046700120013,-1.3076757782009516
ORD11129,2024-07-21,,Jaipur,Pune,Delhivery,Road,Wh-South,29.92,326.7,156.12,2.0,Delayed,,0.3957278614077874,0.289936629275034,0.36949135644403397,-0.0026738864914532126,-0.40204158166338927,-0.6631646725308875
ORD10049,2024-07-05,2024-07-06,Ahmedabad,Bengaluru,Dhl,Air,Wh-South,74.82875000000001,109.0,145.86,4.0,Delivered,1.0,1.0,0.07310665952864136,0.3479565841359461,2.3917230738837714,-1.2649549508561666,-0.7688154784771225
ORD10895,2024-01-17,2024-01-17,Kolkata,Jaipur,Delhivery,Air,Wh-North,74.82875000000001,73.7,456.51875000000007,4.0,Delivered,0.0,1.0,0.037947734714458246,1.0,2.3917230738837714,-1.4048761356632637,2.430146247814299
ORD11017,2024-06-01,2024-06-03,Delhi,Jaipur,Bluedart,Road,Wh-West,31.24,202.4,156.32,4.0,Delivered,2.0,0.4134891935076948,0.16613338977353376,0.36991113758064387,0.067704469345556,-0.8947385581937624,-0.6611052026294015
ORD10526,2024-11-09,,Mumbai,Kolkata,Fedex,Sea,Wh-West,74.82875000000001,1039.6124999999997,456.51875000000007,3.0,Cancelled,,1.0,1.0,1.0,2.3917230738837714,2.423781694931217,2.430146247814299
ORD10646,2024-07-24,2024-07-25,Ahmedabad,Bengaluru,Fedex,Air,Wh-Central,56.79,119.7,356.12,5.0,Delivered,1.0,0.757278614077874,0.08376389736183565,0.7892724930539339,1.429952190281609,-1.2225425803905594,1.396305228955178
ORD10906,2024-08-02,,Lucknow,Pune,Xpressbees,Road,Wh-East,27.72,229.4,230.25,5.0,In Transit,,0.36612564124127484,0.19302548524047267,0.5250832347284934,-0.11997114621980234,-0.7877166887945662,0.10017784645492263
ORD10462,2024-07-02,2024-07-07,Chennai,Pune,Fedex,Rail,Wh-Central,23.33,559.6,263.29,3.0,Delivered,5.0,0.30705575645446126,0.5219058527657775,0.5944310784964489,-0.3540324963140988,0.521121136228195,0.4404022741804208
ORD11140,2024-05-30,,Mumbai,Jaipur,Dhl,Air,Wh-South,4.39,86.5,118.83,5.0,Delayed,,0.052207551930031106,0.05069657997285892,0.29122316352311806,-1.363855268702703,-1.3541398420221635,-1.0471528356629645
ORD10653,2024-12-17,2024-12-23,Kolkata,Ahmedabad,Dhl,Rail,Wh-Central,35.51,564.6,241.36,4.0,Delivered,6.0,0.47094441173997137,0.5268858704448403,0.5484020768671733,0.29536778709103334,0.5409400009317499,0.2145813994824737
ORD11046,2024-09-19,2024-09-23,Chennai,Delhi,Fedex,Rail,Wh-South,31.39,450.2,315.65,3.0,Delivered,4.0,0.41550752670086616,0.4129430659478842,0.7043297800609206,0.07570200978157991,0.08748437651441515,0.9795714943894723
ORD10468,2024-10-11,2024-10-14,Lucknow,Ahmedabad,Ekart,Road,Wh-West,21.31,370.7,125.31,5.0,Delivered,3.0,0.27987553611975435,0.3337607848507863,0.3048240723492789,-0.46173270751921913,-0.2276355722721067,-0.9804260108548158
ORD10033,2024-11-01,2024-11-07,Pune,Delhi,Fedex,Rail,Wh-Central,26.18,474.6,241.23,3.0,Delivered,6.0,0.3454040871247161,0.4372455522217105,0.5481292191283768,-0.2020792280296466,0.1842004362677629,0.2132427440465075
ORD10416,2024-11-04,2024-11-08,Mumbai,Ahmedabad,Fedex,Road,Wh-South,17.15,554.3,159.16,5.0,Delivered,4.0,0.22390042889580347,0.5166270340259709,0.3758720297205044,-0.683531162278279,0.5001131396424267,-0.6318607300282993
ORD10247,2024-05-09,2024-05-13,Ahmedabad,Pune,Bluedart,Road,Wh-South,37.17,609.4,261.0,4.0,Delivered,4.0,0.4932806324110672,0.5715068288492425,0.5896245844822655,0.38387390124969684,0.718517028675601,0.4168213438084052
ORD10872,2024-10-25,2024-10-28,Mumbai,Jaipur,Ekart,Road,Wh-West,27.02,292.6,241.69,5.0,Delivered,3.0,0.3567067530064754,0.255972908703826,0.5490947157425796,-0.15729300158791334,-0.5372062389416331,0.21797952481992555
ORD10786,2024-08-03,2024-08-06,Mumbai,Kolkata,Fedex,Road,Wh-North,14.12,237.8,214.78,4.0,Delivered,3.0,0.18313009839374314,0.20139191494129813,0.49261316381171755,-0.8450814790859597,-0.754420996092594,-0.05912215042502452
ORD11087,2024-01-15,2024-01-16,Lucknow,Jaipur,Xpressbees,Air,Wh-West,24.28,145.0,176.22,5.0,Delivered,1.0,0.31983853334454626,0.10896278681789325,0.41167936067332883,-0.3033814068859479,-1.1222591249905718,-0.45618794743153795
ORD10856,2024-08-16,,Hyderabad,Mumbai,Ekart,Road,Wh-East,7.86,539.2,210.16,4.0,Cancelled,,0.098898326465394,0.5015873806352015,0.48291621955602887,-1.1788454999493527,0.44026016823769143,-0.10669590514935268
ORD10216,2024-12-13,2024-12-16,Delhi,Mumbai,Dhl,Road,Wh-North,23.26,390.6,201.99,4.0,Delivered,3.0,0.30611386763098136,0.3535812552134561,0.46576816012551453,-0.3577646818509097,-0.14875649075195832,-0.19082525062505834
ORD11196,2024-01-31,2024-02-06,Delhi,Chennai,Delhivery,Road,Wh-East,25.92,443.1,178.22,4.0,Delivered,6.0,0.3419056429232192,0.4058714408436151,0.41587717203942787,-0.21594163145208772,0.059341588635367426,-0.4355932484166773
ORD11014,2024-05-20,2024-05-25,Delhi,Jaipur,Bluedart,Road,Wh-South,27.94,321.7,202.33,4.0,Delivered,5.0,0.36908586325792614,0.28495661159597124,0.4664817880577513,-0.10824142024696731,-0.4218604463669441,-0.18732415179253198
ORD10543,2024-10-17,2024-10-17,Jaipur,Bengaluru,Fedex,Air,Wh-North,22.07,67.7,110.94,4.0,Delivered,0.0,0.29010175763182233,0.031971713499582936,0.27466279768385754,-0.42121183597669853,-1.4286587733075296,-1.1283989232765896
ORD10493,2024-09-08,2024-09-12,Lucknow,Hyderabad,Ekart,Road,Wh-West,31.14,498.4,219.39,4.0,Delivered,4.0,0.41214363804558063,0.4609504363740492,0.5022891190105758,0.06237277572154025,0.2785382322566837,-0.011651369195770866
ORD10464,2024-04-05,2024-04-06,Delhi,Kolkata,Fedex,Air,Wh-South,22.61,107.5,163.56,1.0,Delivered,1.0,0.297367757127239,0.07161265422492252,0.38510721472592224,-0.3924206904070129,-1.270900610267233,-0.5865523921956058
ORD10391,2024-02-01,2024-02-05,Bengaluru,Delhi,Xpressbees,Road,Wh-East,25.35,392.6,214.39,4.0,Delivered,4.0,0.3342359767891682,0.35557326228508124,0.49179459059532826,-0.24633228510897814,-0.1408289448705364,-0.06313811673292251
ORD10438,2024-09-29,2024-10-02,Lucknow,Delhi,Delhivery,Road,Wh-East,42.7,293.4,217.84,5.0,Delivered,3.0,0.5676898494659827,0.25676971153247596,0.49903581520184903,0.6787165586577741,-0.5340352205890645,-0.027612260932287698
ORD10838,2024-11-09,2024-11-11,Pune,Jaipur,Bluedart,Air,Wh-Central,22.95,306.1,110.29,4.0,Delivered,2.0,0.3019426456984273,0.2694189564372954,0.2732985089898754,-0.37429293208535896,-0.48369530424203505,-1.1350922004564195
ORD10326,2024-08-17,2024-08-29,Hyderabad,Pune,Bluedart,Sea,Wh-Central,29.14,1039.6124999999997,292.72,4.0,Delivered,12.0,0.38523252880329656,1.0,0.6562018727485956,-0.044261096758777006,2.423781694931217,0.7434532701840955
ORD10692,2024-04-02,2024-04-10,Bengaluru,Delhi,Ekart,Rail,Wh-Central,15.13,730.5,132.21,4.0,Delivered,8.0,0.19672020856109662,0.6921228570361426,0.31930652156232037,-0.7912313734833993,1.1985299317956992,-0.9093742992535466
ORD10465,2024-03-27,2024-04-03,Delhi,Kolkata,Bluedart,Rail,Wh-South,33.2,564.6,234.21,4.0,Delivered,7.0,0.4398620805651333,0.5268858704448403,0.5333949012333693,0.17220566437626714,0.5409400009317499,0.1409553505043468
ORD10553,2024-02-06,2024-02-11,Bengaluru,Hyderabad,Dhl,Road,Wh-West,27.07,470.2,222.02,4.0,Delivered,5.0,0.35737953073753254,0.43286313666413523,0.507809240956996,-0.15462715477590538,0.16675983532863448,0.015430660008771139
ORD10061,2024-01-09,,Ahmedabad,Chennai,Fedex,Air,Wh-North,56.35,65.1,335.68,2.0,In Transit,,0.7513581700445715,0.02938210430647029,0.7463708608924021,1.4064927383359394,-1.4389645829533781,1.1858274050233022
ORD10418,2024-01-18,2024-01-20,Pune,Chennai,Ekart,Road,Wh-West,8.03,209.7,62.65,4.0,Delivered,2.0,0.10118577075098813,0.17340421558496538,0.17330664224939718,-1.1697816207885257,-0.8658030157265724,-1.6256579309904002
ORD10812,2024-09-14,,Bengaluru,Pune,Xpressbees,Road,Wh-West,54.32,401.2,367.79,3.0,In Transit,,0.7240433941636532,0.36413889269306915,0.8137667223751216,1.2982593577684172,-0.10674049758042221,1.51647529770689
ORD11185,2024-10-25,2024-10-27,Jaipur,Chennai,Fedex,Road,Wh-Central,11.22,254.0,131.24,5.0,Delivered,2.0,0.14410898999243124,0.21752717222146145,0.3172705830497624,-0.9997005941824197,-0.6902078744530765,-0.9193627282757539
ORD10538,2024-06-08,,Hyderabad,Jaipur,Bluedart,Road,Wh-North,36.81,305.7,246.72,5.0,Delayed,,0.4884366327474561,0.2690205550229704,0.5596522113283185,0.36467980420323975,-0.4852808134183195,0.2697751928423001
ORD10155,2024-05-30,2024-06-02,Lucknow,Jaipur,Ekart,Road,Wh-Central,42.16,386.7,259.4,4.0,Delivered,3.0,0.5604238499705659,0.3496968414237871,0.5862663353893862,0.6499254130880882,-0.16421520522073124,0.4003455845965164
ORD10967,2024-01-11,2024-01-15,Kolkata,Pune,Dhl,Road,Wh-North,13.38,314.8,169.2,4.0,Delivered,4.0,0.17317298797409805,0.27808418719886463,0.3969450427783214,-0.8845360119036769,-0.44921047965784966,-0.528475340973699
ORD11000,2024-03-01,2024-03-05,Chennai,Hyderabad,Bluedart,Road,Wh-Central,12.55,359.6,128.33,4.0,Delivered,4.0,0.16200487763855015,0.32270514560326696,0.3111627675120883,-0.9287890689830086,-0.2716334519139983,-0.9493280153423762
ORD10627,2024-10-15,2024-10-18,Delhi,Pune,Ekart,Road,Wh-Central,12.74,405.4,178.91,4.0,Delivered,3.0,0.16456143301656714,0.3683221075434818,0.417325416960732,-0.9186588510973784,-0.0900926512294362,-0.4284880772565504
ORD10366,2024-10-19,2024-10-22,Lucknow,Ahmedabad,Bluedart,Road,Wh-South,2.97,319.2,100.0,4.0,Delivered,3.0,0.033100664368009416,0.2824666027564398,0.251700769511296,-1.4395653181637285,-0.4317698787187215,-1.2410519268878775
ORD10348,2024-08-16,2024-08-20,Mumbai,Bengaluru,Bluedart,Road,Wh-South,26.2,364.5,297.4,3.0,Delivered,4.0,0.34567319821713893,0.32758556292874846,0.6660247513452672,-0.20101288930484343,-0.25221096450451463,0.7916448658788688
ORD10944,2024-03-14,2024-03-21,Kolkata,Delhi,Xpressbees,Rail,Wh-South,39.91,950.8,227.21,5.0,Delivered,7.0,0.5301488520729963,0.9115424359756479,0.5187025614520229,0.5299623065477312,2.0717491106343253,0.06887390395233452
ORD11105,2024-07-22,,Jaipur,Kolkata,Xpressbees,Rail,Wh-South,13.69,582.7,148.76,3.0,Delayed,,0.17734420990665206,0.5449135344430475,0.3540434106167896,-0.868007761669228,0.6126842911586184,-0.7389531649055748
ORD10166,2024-02-06,,Lucknow,Kolkata,Fedex,Air,Wh-North,17.86,119.6,170.48,4.0,Delayed,,0.23345387267681433,0.08366429700825441,0.3996316420526247,-0.6456761375477664,-1.2229389576846306,-0.5152947336041881
ORD10870,2024-05-11,2024-05-15,Pune,Jaipur,Xpressbees,Road,Wh-Central,11.93,294.6,142.92,2.0,Delivered,4.0,0.15366243377344208,0.25796491577545105,0.3417858014277805,-0.961845569451907,-0.5292786930602111,-0.799089686028968
ORD10926,2024-04-02,,Bengaluru,Mumbai,Ekart,Road,Wh-East,60.87,419.3,382.36,4.0,Delayed,,0.8121772769321335,0.38216655669127636,0.8443477781771528,1.647485290141456,-0.03499620735355363,1.66650768003015
ORD10546,2024-08-24,2024-08-26,Pune,Chennai,Ekart,Road,Wh-West,48.22,146.4,287.68,4.0,Delivered,2.0,0.6419645109746867,0.11035719176803083,0.6456233881060262,0.9730260467034495,-1.1167098428735764,0.6915546286666464
ORD10204,2024-11-09,2024-11-12,Delhi,Chennai,Fedex,Road,Wh-East,29.51,466.0,167.03,4.0,Delivered,3.0,0.3902110840131191,0.42867992181372255,0.3923904174461039,-0.024533830349918257,0.15011198897764846,-0.5508205894048227
ORD10898,2024-09-15,,Kolkata,Hyderabad,Delhivery,Road,Wh-East,26.2,483.3,327.34,4.0,Cancelled,,0.34567319821713893,0.4459107829832797,0.7288659874957693,-0.20101288930484343,0.21868526085194825,1.0999475101313327
ORD10605,2024-11-17,,Lucknow,Pune,Ekart,Rail,Wh-West,4.9,763.6,105.13,4.0,Cancelled,,0.059069884786813555,0.7250905740715382,0.26246815566533993,-1.3366636312202222,1.3297308161332322,-1.18822652391476
ORD11104,2024-09-05,2024-09-08,Kolkata,Delhi,Bluedart,Road,Wh-Central,69.19,367.9,365.1,4.0,Delivered,3.0,0.9241274913800351,0.3309719749505111,0.8081206660877185,2.091082199659576,-0.23873413650609746,1.4887754275319025
ORD10186,2024-12-22,2024-12-26,Mumbai,Bengaluru,Ekart,Road,Wh-East,9.03,317.1,119.91,5.0,Delivered,4.0,0.11464132537213016,0.2803749953312335,0.2934899816608115,-1.116464684548367,-0.4400938018942144,-1.0360316981949398
ORD11181,2024-09-24,2024-09-26,Pune,Ahmedabad,Fedex,Road,Wh-East,8.64,338.8,156.01,4.0,Delivered,2.0,0.10939365906988478,0.30198827205836587,0.3692604768188985,-1.137258289682029,-0.35407992908078645,-0.664297380976705
ORD11035,2024-07-20,,Chennai,Delhi,Xpressbees,Sea,Wh-South,52.29,976.5,298.86,5.0,Cancelled,,0.6967286182827348,0.9371397268460305,0.6690891536425195,1.1900259772008952,2.173618075210597,0.8066789961597175
ORD10009,2024-03-24,2024-03-29,Pune,Lucknow,Xpressbees,Road,Wh-East,19.76,334.8,59.5,3.0,Delivered,5.0,0.2590194264569842,0.2980042579151157,0.16669508934779126,-0.5443739586914649,-0.36993502084363034,-1.6580945819388058
ORD10010,2024-01-24,2024-01-28,Ahmedabad,Hyderabad,Bluedart,Road,Wh-North,11.94,516.4,112.14,3.0,Delivered,4.0,0.1537969893196535,0.47887850001867516,0.27718148450351693,-0.9613124000895056,0.34988614518948113,-1.1160421038676733
ORD10935,2024-11-23,2024-11-26,Kolkata,Hyderabad,Bluedart,Road,Wh-East,3.69,329.8,133.08,4.0,Delivered,3.0,0.04278866369523168,0.2930242402360529,0.32113256950657343,-1.401177124070814,-0.38975388554718515,-0.9004156051820822
ORD10851,2024-12-28,2024-12-31,Ahmedabad,Kolkata,Xpressbees,Road,Wh-West,30.06,340.8,209.46,4.0,Delivered,3.0,0.3976116390547472,0.303980279129991,0.4814469855778942,0.004790484582168836,-0.34615238319936453,-0.11390404980455379
ORD10555,2024-05-14,2024-05-26,Bengaluru,Jaipur,Xpressbees,Sea,Wh-East,26.11,1039.6124999999997,252.77,3.0,Delivered,12.0,0.34446219830123614,1.0,0.5723505907107681,-0.2058114135664577,2.423781694931217,0.3320741573622537
ORD10289,2024-08-24,,Ahmedabad,Hyderabad,Delhivery,Sea,Wh-South,15.65,631.9,215.25,3.0,Delayed,,0.20371709696409046,0.593916908405025,0.49359964948275087,-0.7635065666385169,0.8077019198415978,-0.054282396156532284
ORD10427,2024-04-18,2024-04-24,Kolkata,Hyderabad,Xpressbees,Road,Wh-East,16.95,505.9,101.76,2.0,Delivered,6.0,0.2212093179715751,0.4684204628926434,0.25539484351346314,-0.6941945495263108,0.308266529312016,-1.2229285917548
ORD10561,2024-07-27,2024-08-02,Kolkata,Mumbai,Bluedart,Rail,Wh-North,7.8,683.7,160.7,3.0,Delivered,6.0,0.09809099318812546,0.6455098915601153,0.37910434447240066,-1.182044516123762,1.013025358170426,-0.6160028117868568
ORD10711,2024-10-03,2024-10-06,Jaipur,Lucknow,Delhivery,Road,Wh-East,33.44,300.4,215.3,1.0,Delivered,3.0,0.44309141367420735,0.26374173628316383,0.49370459476690337,0.18500172907390494,-0.5062888100040878,-0.05376752868116065
ORD11148,2024-09-27,2024-10-02,Lucknow,Kolkata,Ekart,Rail,Wh-West,12.37,490.2,94.83,5.0,Delivered,5.0,0.15958287780674457,0.4527832073803863,0.2408494271299301,-0.9383861175062373,0.24603529414285383,-1.2942892238412924
ORD10733,2024-05-12,2024-05-16,Chennai,Ahmedabad,Dhl,Road,Wh-North,26.2,397.0,173.81,3.0,Delivered,4.0,0.34567319821713893,0.3599556778426564,0.4066209979771796,-0.20101288930484343,-0.12338834393140824,-0.481004559744445
ORD10896,2024-07-23,,Chennai,Bengaluru,Bluedart,Road,Wh-South,74.82875000000001,159.9,185.94,3.0,Delayed,,1.0,0.12380323950150028,0.43208072391257,2.3917230738837714,-1.0631989081739783,-0.3560977102193152
ORD10720,2024-05-28,2024-05-30,Mumbai,Lucknow,Ekart,Road,Wh-South,32.05,382.4,213.83,4.0,Delivered,2.0,0.42438819275081985,0.3454140262197931,0.49061920341282056,0.11089118770008442,-0.18125942886578844,-0.06890463245708321
ORD10151,2024-01-09,,Lucknow,Delhi,Dhl,Road,Wh-South,16.11,423.8,187.26,5.0,Delayed,,0.2099066520898158,0.38664857260243285,0.4348512794141954,-0.738980775968044,-0.01715922912035428,-0.34250520886950725
ORD10112,2024-04-25,2024-04-26,Hyderabad,Delhi,Delhivery,Air,Wh-Central,48.22,151.8,323.5,4.0,Delivered,1.0,0.6419645109746867,0.1157356108614186,0.7208061896728593,0.9730260467034495,-1.0953054689937372,1.0604056880228006
ORD10805,2024-04-29,2024-05-08,Bengaluru,Pune,Dhl,Sea,Wh-East,38.21,1039.6124999999997,315.31,3.0,Delivered,9.0,0.5072744092170549,1.0,0.7036161521286838,0.43932351493946176,2.423781694931217,0.9760703955569463
ORD10423,2024-11-12,2024-11-17,Chennai,Delhi,Fedex,Road,Wh-Central,9.19,382.4,202.33,4.0,Delivered,5.0,0.11679421411151289,0.3454140262197931,0.4664817880577513,-1.1079339747499417,-0.18125942886578844,-0.18732415179253198
ORD10980,2024-12-22,2024-12-24,Bengaluru,Delhi,Fedex,Road,Wh-Central,32.14,154.8,161.64,5.0,Delivered,2.0,0.4255991926667227,0.11872362146885626,0.3810773158144672,0.11568971196169889,-1.0834141501716044,-0.6063233032498723
ORD10975,2024-10-29,2024-10-29,Jaipur,Bengaluru,Ekart,Air,Wh-West,39.47,60.6,188.28,3.0,Delivered,0.0,0.5242284080396938,0.02490008839531381,0.43699216321090584,0.5065028546020616,-1.4568015611865774,-0.3320019123719282
ORD10461,2024-05-25,2024-05-29,Delhi,Jaipur,Delhivery,Road,Wh-West,32.57,325.1,227.46,4.0,Delivered,4.0,0.4313850811538138,0.28834302361773395,0.5192272878727853,0.13861599454496706,-0.40838361836852666,0.0714482413291921
ORD11003,2024-12-22,2024-12-24,Ahmedabad,Delhi,Bluedart,Road,Wh-North,22.18,333.4,158.14,5.0,Delivered,2.0,0.29158186864014796,0.29660985296497805,0.3737311459237939,-0.4153469729902811,-0.3754843029606258,-0.6423640265258784
ORD10000,2024-10-11,,Pune,Chennai,Ekart,Road,Wh-Central,74.82875000000001,247.9,455.76,5.0,Cancelled,,1.0,0.2114515506530049,0.998407455312986,2.3917230738837714,-0.7143868893914134,2.4223331338755356
ORD11124,2024-05-22,2024-05-28,Lucknow,Mumbai,Fedex,Rail,Wh-Central,51.95,852.9,351.84,3.0,Delivered,6.0,0.6921537297115465,0.814033689819599,0.780289176730482,1.1718982188792415,1.6836957397387213,1.352232573063376
ORD10946,2024-10-15,2024-10-20,Delhi,Jaipur,Bluedart,Road,Wh-South,33.72,440.2,178.54,5.0,Delivered,5.0,0.4468589689681271,0.40298303058975865,0.4165488218580037,0.19993047122114943,0.04784664710730548,-0.4322980965742997
ORD10972,2024-07-23,2024-08-05,Bengaluru,Pune,Fedex,Sea,Wh-West,13.78,978.9,204.62,4.0,Delivered,13.0,0.17855520982255485,0.9395301353319807,0.4712882820719347,-0.8632092374076135,2.183131130268303,-0.16374322142051662
ORD10712,2024-04-08,2024-04-10,Kolkata,Delhi,Fedex,Road,Wh-Central,58.26,327.8,343.61,5.0,Delivered,2.0,0.7770582793709527,0.29103223316442783,0.7630151829589847,1.508328086554642,-0.39768143142860707,1.2674853866172247
ORD10778,2024-06-07,2024-06-14,Delhi,Jaipur,Xpressbees,Rail,Wh-North,21.64,492.2,181.21,4.0,Delivered,7.0,0.2843158691447313,0.4547752144520114,0.4221529000317459,-0.4441381185599667,0.25396284002427577,-0.40480417338946056
ORD10759,2024-12-06,2024-12-10,Kolkata,Hyderabad,Bluedart,Road,Wh-East,48.65,445.5,282.6,4.0,Delivered,4.0,0.6477503994617777,0.4082618493295652,0.6349609472361347,0.9959523292867177,0.06885464369307366,0.6392440931689005
ORD10908,2024-09-15,,Ahmedabad,Lucknow,Ekart,Air,Wh-South,14.77,287.3,167.39,5.0,Cancelled,,0.19187620889748547,0.2506940899640195,0.3931460234920018,-0.8104254705298566,-0.5582142355274012,-0.5471135435821479
ORD10411,2024-06-21,2024-06-23,Hyderabad,Lucknow,Fedex,Road,Wh-South,31.83,247.6,208.0,4.0,Delivered,2.0,0.4214279707341686,0.2111527495922611,0.478382583280642,0.09916146172724959,-0.7155760212736267,-0.12893818008540214
ORD10322,2024-02-03,,Chennai,Bengaluru,Xpressbees,Sea,Wh-Central,40.6,1039.6124999999997,366.21,4.0,Delayed,,0.5394331847615844,1.0,0.8104504513959033,0.566750992553441,2.423781694931217,1.5002054854851496
ORD10001,2024-04-21,,Hyderabad,Delhi,Fedex,Road,Wh-West,0.86,381.9,122.44,3.0,Cancelled,,0.004709444117399713,0.34491602445188685,0.2988002130389268,-1.552064053630463,-0.18324131533614393,-1.009979403941141
ORD10689,2024-05-03,2024-05-11,Pune,Jaipur,Delhivery,Rail,Wh-North,26.91,871.3,132.16,4.0,Delivered,8.0,0.3552266419981498,0.83236015487855,0.31920157627816786,-0.16315786457433076,1.7566291618478032,-0.9098891667289182
ORD10435,2024-03-08,2024-03-12,Lucknow,Hyderabad,Fedex,Road,Wh-Central,27.48,269.7,202.33,1.0,Delivered,4.0,0.36289630813220075,0.2331644277337185,0.4664817880577513,-0.13276721091744034,-0.6279766392839143,-0.18732415179253198
ORD10452,2024-09-29,2024-09-29,Bengaluru,Delhi,Delhivery,Air,Wh-Central,17.72,93.3,142.42,4.0,Delivered,0.0,0.23157009502985446,0.05746940401638427,0.34073634858625573,-0.6531405086213886,-1.327186186025329,-0.8042383607826832
ORD10038,2024-04-07,,Lucknow,Ahmedabad,Delhivery,Road,Wh-Central,7.11,232.7,69.76,3.0,Delayed,,0.08880666049953746,0.19631229690865407,0.18822986165587915,-1.2188332021294717,-0.7746362380902201,-1.5524437759925707
ORD10183,2024-07-17,2024-07-21,Delhi,Kolkata,Dhl,Road,Wh-East,51.38,391.5,400.16,5.0,Delivered,4.0,0.6844840635774956,0.3544776583956874,0.8817082993354339,1.141507565222351,-0.14518909510531855,1.8498005012624097
ORD10217,2024-07-01,2024-07-02,Mumbai,Kolkata,Delhivery,Air,Wh-East,21.19,196.9,133.28,5.0,Delivered,1.0,0.27826086956521734,0.1606553703265647,0.3215523506431833,-0.46813073986803805,-0.9165393093676727,-0.8983561352805962
ORD10673,2024-08-03,2024-08-05,Delhi,Lucknow,Dhl,Road,Wh-East,74.82875000000001,143.3,456.5,3.0,Delivered,2.0,1.0,0.10726958080701192,0.9999606455184427,2.3917230738837714,-1.1289975389897804,2.429953172511034
ORD10950,2024-04-20,,Delhi,Mumbai,Dhl,Rail,Wh-East,28.6,377.3,179.38,2.0,Delayed,,0.3779665293078799,0.34033440818714916,0.4183119026317653,-0.07305224232846262,-0.20147467086341422,-0.42364832298805816
ORD10549,2024-04-28,,Bengaluru,Mumbai,Xpressbees,Road,Wh-South,23.39,501.5,202.33,3.0,In Transit,,0.3078630897317298,0.46403804733506815,0.4664817880577513,-0.3508334801396891,0.2908259283728878,-0.18732415179253198
ORD10313,2024-07-05,2024-07-10,Kolkata,Ahmedabad,Delhivery,Rail,Wh-North,19.87,788.6,229.85,4.0,Delivered,5.0,0.26049953746530985,0.749990662466852,0.5242436724552735,-0.5385090957050475,1.4288251396510065,0.09605890665195044
ORD10860,2024-04-08,2024-04-15,Delhi,Ahmedabad,Xpressbees,Rail,Wh-Central,16.68,829.6,128.67,5.0,Delivered,7.0,0.21757631822386675,0.7908268074351666,0.3118763954443251,-0.7085901223111536,1.591339830220156,-0.9458269165098502
ORD10331,2024-04-26,2024-04-30,Chennai,Hyderabad,Bluedart,Road,Wh-Central,26.2,384.6,282.59,4.0,Delivered,4.0,0.34567319821713893,0.3476052339985808,0.6349399581793042,-0.20101288930484343,-0.17253912839622412,0.6391411196738257
ORD10036,2024-12-17,2024-12-21,Mumbai,Lucknow,Bluedart,Road,Wh-South,29.6,513.7,224.8,5.0,Delivered,4.0,0.3914220839290219,0.47618929047198133,0.5136441987558736,-0.01973530608830399,0.33918395824956177,0.04405729163942746
ORD11016,2024-05-31,2024-06-03,Delhi,Jaipur,Fedex,Road,Wh-East,26.2,254.1,123.49,5.0,Delivered,3.0,0.34567319821713893,0.2176267725750427,0.3010040640061287,-0.20101288930484343,-0.6898114971590054,-0.9991671869583392
ORD10190,2024-08-14,2024-08-18,Bengaluru,Delhi,Xpressbees,Rail,Wh-East,17.29,426.0,110.85,4.0,Delivered,4.0,0.22578420654276338,0.38883978038122047,0.27447389617238305,-0.6760667912046568,-0.008438928650790198,-1.1293256847322586
ORD10849,2024-10-17,2024-10-18,Bengaluru,Delhi,Delhivery,Road,Wh-East,25.57,114.5,162.39,2.0,Delivered,1.0,0.33719619880581947,0.07858467897561039,0.3826514950767543,-0.2346025591361433,-1.2431541996822564,-0.5986002911192995
ORD10959,2024-03-11,2024-03-16,Pune,Kolkata,Xpressbees,Road,Wh-Central,26.2,373.6,163.45,4.0,Delivered,5.0,0.34567319821713893,0.3366491951046427,0.3848763351007868,-0.20101288930484343,-0.21614063074404477,-0.5876851006414233
ORD10757,2024-05-29,2024-06-05,Delhi,Lucknow,Bluedart,Rail,Wh-North,11.18,962.5,151.84,4.0,Delivered,7.0,0.14357076780758554,0.9231956773446548,0.3605080401205821,-1.001833271632026,2.1181252540406437,-0.7072373284226893
ORD10577,2024-07-26,2024-07-30,Ahmedabad,Hyderabad,Ekart,Road,Wh-Central,39.71,538.7,227.83,2.0,Delivered,4.0,0.527457741148768,0.5010893788672951,0.5200038829755136,0.5192989192996997,0.43827828176733596,0.07525826064694137
ORD10996,2024-12-29,,Hyderabad,Bengaluru,Dhl,Rail,Wh-West,41.24,416.5,266.68,5.0,Cancelled,,0.5480447397191153,0.3793777467910012,0.6015463687619866,0.6008738317471425,-0.04609477158754438,0.4753102890106095
ORD10433,2024-09-18,,Kolkata,Mumbai,Ekart,Road,Wh-North,52.93,487.8,326.49,4.0,Delayed,,0.7053401732402657,0.4503927988944362,0.7270819176651773,1.2241488163945966,0.2365222390851476,1.0911947630500174
ORD10163,2024-01-31,2024-02-03,Kolkata,Chennai,Xpressbees,Rail,Wh-Central,28.9,506.9,230.25,4.0,Delivered,3.0,0.3820031956942224,0.4694164664284559,0.5250832347284934,-0.05705716145641518,0.3122303022527269,0.10017784645492263
ORD10263,2024-11-04,2024-11-05,Pune,Jaipur,Ekart,Air,Wh-Central,5.5,115.7,114.28,5.0,Delivered,1.0,0.06714321755949877,0.07977988321858544,0.28167314266524285,-1.304673469476127,-1.2383976721534031,-1.0940057759217725
ORD10231,2024-09-19,2024-09-22,Ahmedabad,Bengaluru,Ekart,Road,Wh-West,30.58,387.1,178.72,5.0,Delivered,3.0,0.40460852745774106,0.35009524283811216,0.4169266248809526,0.0325152914270513,-0.16262969604444671,-0.4304445736629621
ORD10302,2024-12-23,,Ahmedabad,Bengaluru,Delhivery,Road,Wh-East,23.22,181.0,185.75,5.0,In Transit,,0.30557564544613564,0.14481891410714512,0.43168193183279063,-0.3598973593005162,-0.9795632991249771,-0.35805420662572696
ORD10175,2024-12-25,2024-12-28,Delhi,Jaipur,Delhivery,Road,Wh-East,5.4,195.9,94.22,5.0,Delivered,3.0,0.06579766209738458,0.15965936679075216,0.2395690946632699,-1.310005163100143,-0.9205030823083836,-1.3005706070408247
ORD11117,2024-03-21,,Hyderabad,Jaipur,Bluedart,Road,Wh-South,24.55,307.5,159.99,5.0,Delayed,,0.32347153309225457,0.270813361387433,0.37761412143743556,-0.2889858341011051,-0.47814602212503976,-0.6233139299371321
ORD10149,2024-07-07,2024-07-08,Lucknow,Hyderabad,Ekart,Air,Wh-West,8.77,118.6,91.21,2.0,Delivered,1.0,0.11114288117063324,0.08266829347244185,0.23325138855729088,-1.1303270879708083,-1.2269027306253415,-1.3315656290581903
ORD11172,2024-05-07,2024-05-13,Kolkata,Ahmedabad,Bluedart,Sea,Wh-Central,36.38,533.6,291.18,5.0,Delivered,6.0,0.48265074426036497,0.4960097608346511,0.6529695579966994,0.3417535216199716,0.41806303976970993,0.7275953519426526
ORD10071,2024-04-04,2024-04-08,Mumbai,Lucknow,Delhivery,Rail,Wh-Central,28.46,433.0,205.35,3.0,Delivered,4.0,0.37608275166092,0.39581180513190833,0.47282048322056075,-0.08051661340208485,0.01930748193418657,-0.1562261562800926
ORD10168,2024-04-20,,Jaipur,Hyderabad,Ekart,Road,Wh-North,28.64,559.9,249.06,3.0,Delayed,,0.37850475149272556,0.5222046538265211,0.5645636506266545,-0.07091956487885631,0.5223102681104081,0.2938709906896871
ORD10455,2024-06-16,2024-06-30,Hyderabad,Bengaluru,Delhivery,Sea,Wh-South,15.56,1039.6124999999997,194.67,5.0,Delivered,14.0,0.2025060970481877,1.0,0.45040417052559206,-0.7683050909001312,2.423781694931217,-0.26620184901944854
ORD10089,2024-05-02,2024-05-06,Bengaluru,Ahmedabad,Delhivery,Road,Wh-South,13.88,596.6,179.99,4.0,Delivered,4.0,0.17990076528466906,0.558757983590842,0.4195922350984255,-0.8578775437835976,0.6677807350345009,-0.4173669397885255
ORD10117,2024-04-17,2024-04-20,Lucknow,Pune,Ekart,Road,Wh-North,15.55,368.4,170.58,2.0,Delivered,3.0,0.20237154150197628,0.3314699767184174,0.3998415326209297,-0.7688382602625328,-0.23675225003574196,-0.5142649986534449
ORD11179,2024-09-10,2024-09-14,Kolkata,Delhi,Dhl,Road,Wh-Central,29.44,483.7,279.11,4.0,Delivered,4.0,0.38926919518963915,0.4463091843976047,0.6276357664022919,-0.028266015886729376,0.22027077002823253,0.6033063433879685
ORD10321,2024-11-09,2024-11-14,Kolkata,Mumbai,Bluedart,Road,Wh-West,43.53,713.3,271.38,4.0,Delivered,5.0,0.5788579598015305,0.6749915962201667,0.6114112254723193,0.7229696157371057,1.1303530372154704,0.5237078316955319
ORD11071,2024-03-22,2024-03-27,Ahmedabad,Chennai,Fedex,Road,Wh-South,52.59,346.9,302.79,5.0,Delivered,5.0,0.7007652846690774,0.3100559006984475,0.6773378529769041,1.206021058072943,-0.32197336826102774,0.8471475797239187
ORD10459,2024-05-14,2024-05-18,Kolkata,Bengaluru,Xpressbees,Road,Wh-Central,37.95,651.6,329.18,4.0,Delivered,4.0,0.503775965015558,0.6135381780605323,0.7327279739525804,0.42546111151702065,0.885788246773604,1.118894633225005
ORD11195,2024-06-15,,Jaipur,Hyderabad,Fedex,Road,Wh-North,28.25,194.6,143.27,2.0,Delayed,,0.3732570851904801,0.15836456219419584,0.3425204184168478,-0.0917131700125182,-0.9256559871313079,-0.7954856137013672
ORD10800,2024-08-10,2024-08-16,Delhi,Bengaluru,Fedex,Rail,Wh-South,16.89,531.2,180.51,5.0,Delivered,6.0,0.22040198469430658,0.493619352348701,0.42068366605361124,-0.6973935657007202,0.4085499847120037,-0.41201231804466193
ORD10879,2024-10-12,2024-10-20,Jaipur,Chennai,Ekart,Sea,Wh-South,28.84,690.1,238.0,5.0,Delivered,8.0,0.3811958624169539,0.6518843141893156,0.541349753772127,-0.06025617763082463,1.0383935049909763,0.17998230513750765
ORD10241,2024-03-15,2024-03-16,Jaipur,Lucknow,Delhivery,Air,Wh-East,36.29,262.8,231.36,1.0,Delivered,1.0,0.4814397443444622,0.22629200333661192,0.5274130200366783,0.3369549973583571,-0.6553266725748199,0.11160790440817044
ORD10847,2024-05-14,,Hyderabad,Chennai,Ekart,Air,Wh-North,6.45,140.8,19.65,3.0,Delayed,,0.07992599444958372,0.10477957196748053,0.0830536978782687,-1.2540223800479764,-1.1389069713415578,-2.0684439598099043
ORD10270,2024-01-12,,Ahmedabad,Jaipur,Dhl,Road,Wh-Central,22.22,395.5,194.91,3.0,Cancelled,,0.29212009082499363,0.35846167253893757,0.450907907889524,-0.4132142955406748,-0.1293340033424747,-0.26373048513766517
ORD10111,2024-11-12,2024-11-16,Delhi,Bengaluru,Xpressbees,Road,Wh-West,20.26,467.1,158.23,5.0,Delivered,4.0,0.2657472037675553,0.4297755257031164,0.3739200474352683,-0.5177154905713856,0.15447213921243064,-0.6414372650702096
ORD10595,2024-01-01,2024-01-03,Bengaluru,Jaipur,Xpressbees,Road,Wh-West,41.32,323.6,270.95,2.0,Delivered,2.0,0.5491211840888066,0.2868490183140151,0.610508696028608,0.605139186646355,-0.4143292777795931,0.5192799714073368
ORD10516,2024-03-26,2024-03-31,Lucknow,Delhi,Xpressbees,Rail,Wh-West,43.44,322.5,212.46,4.0,Delivered,5.0,0.5776469598856278,0.28575341442462127,0.48774370262704275,0.7181710914754912,-0.41868942801437525,-0.08301200128226281
ORD10226,2024-10-02,2024-10-09,Jaipur,Hyderabad,Fedex,Sea,Wh-South,65.26,509.4,315.62,4.0,Delivered,7.0,0.871247161718947,0.4719064752679873,0.7042668128904291,1.8815466402357528,0.32213973460450435,0.9792625739042498
ORD10496,2024-05-21,2024-05-22,Hyderabad,Lucknow,Xpressbees,Air,Wh-North,24.28,160.6,232.16,3.0,Delivered,1.0,0.31983853334454626,0.12450044197656905,0.5290921445831178,-0.3033814068859479,-1.0604242671154809,0.11984578401411451
ORD10498,2024-11-03,2024-11-10,Ahmedabad,Mumbai,Dhl,Rail,Wh-West,39.21,768.0,276.8,4.0,Delivered,7.0,0.5207299638381969,0.7294729896291133,0.6227872942744476,0.4926404511796204,1.3471714170723605,0.5795194660258045
ORD10824,2024-09-23,2024-09-27,Chennai,Jaipur,Delhivery,Road,Wh-North,25.38,276.8,144.15,5.0,Delivered,4.0,0.33463964342780245,0.24023605283798766,0.3443674554179314,-0.24473277702177354,-0.5998338514048664,-0.7864239461348285
ORD11034,2024-05-27,2024-05-31,Jaipur,Kolkata,Bluedart,Road,Wh-North,38.51,571.3,290.71,3.0,Delivered,4.0,0.5113110756033975,0.5335590941347843,0.6519830723256661,0.4553185958115092,0.5674972796345131,0.72275559767416
ORD10195,2024-09-26,2024-09-30,Ahmedabad,Mumbai,Xpressbees,Road,Wh-West,41.58,555.4,309.43,5.0,Delivered,4.0,0.5526196282903035,0.5177226379153647,0.6912745867123528,0.6190015900687962,0.5044732898772089,0.9155219804532561
ORD10336,2024-08-31,,Lucknow,Kolkata,Dhl,Road,Wh-Central,12.43,289.0,109.95,2.0,In Transit,,0.1603902110840131,0.2523872959749008,0.27258488105763856,-0.9351871013318277,-0.5514758215281926,-1.1385932992889458
ORD10775,2024-08-13,2024-08-15,Ahmedabad,Hyderabad,Xpressbees,Road,Wh-West,51.99,237.1,240.02,4.0,Delivered,2.0,0.6926919518963922,0.2006947124662293,0.5455895432518869,1.1740308963288477,-0.7571956371510918,0.20078295114251704
ORD10865,2024-04-02,2024-04-02,Ahmedabad,Kolkata,Dhl,Air,Wh-West,46.2,57.8,242.16,4.0,Delivered,0.0,0.6147842906399799,0.02211127849503866,0.5500812014136128,0.8653258354983293,-1.4679001254205681,0.22281927908841778
ORD10719,2024-05-05,2024-05-10,Kolkata,Pune,Delhivery,Rail,Wh-East,40.92,505.6,288.55,3.0,Delivered,5.0,0.5437389622403498,0.4681216618318996,0.6474494360502793,0.5838124121502917,0.30707739742980283,0.7005133227381108
ORD10137,2024-01-14,2024-01-17,Mumbai,Ahmedabad,Ekart,Road,Wh-West,26.2,251.1,315.94,1.0,Delivered,3.0,0.34567319821713893,0.21463876196760504,0.704938462709005,-0.20101288930484343,-0.7017028159811383,0.9825577257466274
ORD10813,2024-05-18,2024-05-22,Ahmedabad,Hyderabad,Fedex,Road,Wh-West,20.33,382.6,202.33,3.0,Delivered,4.0,0.2666890925910352,0.3456132269269557,0.4664817880577513,-0.5139833050345747,-0.18046667427764607,-0.18732415179253198
ORD10528,2024-09-29,2024-09-29,Kolkata,Delhi,Bluedart,Air,Wh-North,28.59,48.1,81.0,5.0,Delivered,0.0,0.37783197376166844,0.012450044197656905,0.21182156153335552,-0.07358541169086429,-1.5063487229454644,-1.4367015675290538
ORD10507,2024-05-10,2024-05-14,Jaipur,Delhi,Xpressbees,Road,Wh-West,74.82875000000001,436.2,433.74,2.0,Delivered,4.0,1.0,0.3989990164465085,0.9521895521722361,2.3917230738837714,0.03199155534446162,2.19558549772192
ORD10808,2024-04-29,,Ahmedabad,Pune,Bluedart,Rail,Wh-East,12.7,564.6,227.21,5.0,Delayed,,0.16402321083172144,0.5268858704448403,0.5187025614520229,-0.9207915285469849,0.5409400009317499,0.06887390395233452
ORD10393,2024-07-27,,Chennai,Bengaluru,Dhl,Rail,Wh-West,7.9,501.9,80.82,2.0,Cancelled,,0.09943654865023967,0.46443644874939316,0.2114437585104066,-1.1767128224997463,0.2924114375491721,-1.4385550904403912
ORD10382,2024-09-30,,Pune,Hyderabad,Fedex,Road,Wh-East,6.39,473.6,125.38,4.0,Cancelled,,0.07911866117231518,0.43624954868589794,0.30497099574709235,-1.2572213962223857,0.1802366633270519,-0.9797051963892959
ORD10221,2024-04-29,,Kolkata,Jaipur,Dhl,Road,Wh-South,28.51,500.3,205.68,5.0,Delayed,,0.3767555293919771,0.4628428430920931,0.4735131220959672,-0.07785076659007689,0.2860694008440347,-0.15282803094264044
ORD10976,2024-01-03,2024-01-07,Ahmedabad,Kolkata,Dhl,Road,Wh-West,26.2,404.0,182.06,4.0,Delivered,4.0,0.34567319821713893,0.3669277025933443,0.423936969862338,-0.20101288930484343,-0.09564193334643147,-0.3960514263081448
ORD10677,2024-03-08,2024-03-11,Bengaluru,Jaipur,Ekart,Road,Wh-South,12.67,364.0,77.63,4.0,Delivered,3.0,0.1636195441930872,0.3270875611608422,0.2047482493814787,-0.9223910366341895,-0.25419285097487015,-1.471403635369094
ORD10801,2024-04-10,,Pune,Chennai,Dhl,Road,Wh-East,73.52,319.2,400.86,4.0,Delayed,,0.9823900428895801,0.2824666027564398,0.8831775333135685,2.3219445335794626,-0.4317698787187215,1.857008645917611
ORD10328,2024-06-15,2024-06-20,Kolkata,Pune,Fedex,Road,Wh-North,69.84,399.7,372.91,3.0,Delivered,5.0,0.9328736018837775,0.3626448873893503,0.8245131194723351,2.1257382082156795,-0.11268615699148866,1.5691977271849333
ORD10012,2024-10-18,2024-10-19,Hyderabad,Pune,Dhl,Air,Wh-West,25.55,236.5,136.01,4.0,Delivered,1.0,0.33692708771339663,0.20009711034474179,0.3272823631579085,-0.23566889786094647,-0.7595739009155184,-0.8702443711253115
ORD10889,2024-01-13,2024-01-17,Jaipur,Kolkata,Dhl,Road,Wh-South,20.83,380.2,147.52,1.0,Delivered,4.0,0.2734168699016062,0.34322281844100555,0.35144076756980824,-0.4873248369144953,-0.1899797293353525,-0.7517218782947882
ORD10083,2024-05-26,2024-05-30,Delhi,Lucknow,Fedex,Road,Wh-North,16.86,345.5,177.4,1.0,Delivered,4.0,0.2199983180556723,0.30866149574831,0.41415606937932725,-0.698993073787925,-0.32752265037802303,-0.4440370750127701
ORD10206,2024-07-07,2024-07-09,Bengaluru,Lucknow,Bluedart,Road,Wh-North,42.27,213.0,202.33,4.0,Delivered,2.0,0.5619039609788916,0.1766910272531468,0.4664817880577513,0.6557902760745059,-0.8527225650222261,-0.18732415179253198
ORD10103,2024-05-11,2024-05-14,Pune,Bengaluru,Dhl,Road,Wh-South,42.5,345.3,240.18,4.0,Delivered,3.0,0.5649987385417542,0.30846229504114747,0.5459253681611749,0.6680531714097422,-0.3283154049661652,0.20243052706370585
ORD10309,2024-08-22,2024-08-26,Chennai,Bengaluru,Delhivery,Road,Wh-North,19.21,387.8,148.7,3.0,Delivered,4.0,0.2516188714153561,0.35079244531318093,0.35391747627580666,-0.5736982736235522,-0.1598550549859491,-0.7395710058760206
ORD10993,2024-03-27,,Kolkata,Delhi,Fedex,Road,Wh-Central,71.4,387.7,381.52,4.0,Delayed,,0.9538642670927592,0.3506928449595997,0.8425846974033911,2.2089126287503267,-0.16025143228002028,1.657857906443908
ORD11078,2024-11-02,2024-11-04,Kolkata,Lucknow,Bluedart,Road,Wh-North,74.82875000000001,230.9,373.82,3.0,Delivered,2.0,1.0,0.1945194905441915,0.82642312364391,2.3917230738837714,-0.7817710293834998,1.5785683152366947
ORD10180,2024-07-19,2024-07-26,Delhi,Hyderabad,Dhl,Rail,Wh-Central,21.23,564.6,252.94,4.0,Delivered,7.0,0.278799091750063,0.5268858704448403,0.5727074046768865,-0.4659980624184318,0.5409400009317499,0.3338247067785167
ORD10857,2024-07-26,2024-08-03,Jaipur,Bengaluru,Bluedart,Rail,Wh-North,5.43,867.3,102.17,5.0,Delivered,8.0,0.06620132873601883,0.8283761407352997,0.25625539484351345,-1.3084056550129382,1.7407740700849592,-1.2187066784567537
ORD10497,2024-12-14,,Hyderabad,Chennai,Ekart,Road,Wh-South,40.86,357.6,218.41,3.0,Cancelled,,0.5429316289630812,0.3207131385316419,0.5002321914411872,0.580613395975882,-0.27956099779542026,-0.021742771713052483
ORD10316,2024-02-02,,Pune,Jaipur,Ekart,Road,Wh-West,4.61,509.8,153.88,3.0,Cancelled,,0.05516777394668237,0.47230487668231236,0.36478980771400304,-1.3521255427298682,0.3237252437807889,-0.6862307354275315
ORD10141,2024-03-28,2024-04-08,Lucknow,Jaipur,Delhivery,Sea,Wh-North,20.96,1039.6124999999997,233.68,3.0,Delivered,11.0,0.2751660920023547,1.0,0.5322824812213531,-0.48039363520327455,2.423781694931217,0.13549775526540872
ORD10973,2024-02-21,2024-02-22,Jaipur,Ahmedabad,Bluedart,Air,Wh-South,28.42,138.6,151.98,3.0,Delivered,1.0,0.3755445294760743,0.1025883641886929,0.36080188691620896,-0.08264929085169115,-1.1476272718111222,-0.7057956994916492
ORD10327,2024-01-29,2024-01-31,Jaipur,Lucknow,Xpressbees,Road,Wh-South,26.2,382.4,187.5,5.0,Delivered,2.0,0.34567319821713893,0.3454140262197931,0.43535501677812727,-0.20101288930484343,-0.18125942886578844,-0.3400338449877239
ORD10660,2024-08-27,2024-08-28,Jaipur,Kolkata,Fedex,Air,Wh-East,24.23,209.8,217.27,5.0,Delivered,1.0,0.31916575561348914,0.17350381593854666,0.4978394389625108,-0.3060472536979559,-0.8654066384325012,-0.03348175015152292
ORD10346,2024-02-18,2024-02-21,Kolkata,Jaipur,Ekart,Road,Wh-Central,5.27,339.9,27.3,5.0,Delivered,3.0,0.0640484399966361,0.30308387594775965,0.09911032635359737,-1.3169363648113634,-0.3497197788460045,-1.9896692360780621
ORD10210,2024-06-25,2024-06-29,Bengaluru,Lucknow,Ekart,Road,Wh-Central,21.75,657.5,266.93,5.0,Delivered,4.0,0.2857959801530569,0.6194145989218264,0.602071095182749,-0.4382732555735493,0.9091745071237987,0.4778846263874671
ORD10567,2024-06-24,2024-06-25,Mumbai,Kolkata,Dhl,Air,Wh-South,22.67,130.6,68.94,5.0,Delivered,1.0,0.29817509040450757,0.09462033590219249,0.18650875899577854,-0.3892216742326033,-1.17933745533681,-1.5608876025886635
ORD10142,2024-12-23,2024-12-27,Delhi,Hyderabad,Ekart,Road,Wh-West,70.51,286.0,435.17,3.0,Delivered,4.0,0.9418888234799427,0.24939928536746314,0.9551909872989969,2.1614605554965856,-0.5633671403503255,2.2103107075175457
ORD10514,2024-04-01,2024-04-04,Delhi,Jaipur,Fedex,Road,Wh-Central,18.01,319.6,77.63,5.0,Delivered,3.0,0.23547220586998568,0.2828650041707649,0.2047482493814787,-0.6376785971117425,-0.430184369542437,-1.471403635369094
ORD10362,2024-08-30,2024-09-01,Ahmedabad,Hyderabad,Delhivery,Road,Wh-North,74.82875000000001,262.3,434.92,4.0,Delivered,2.0,1.0,0.22579400156870566,0.9546662608782345,2.3917230738837714,-0.6573085590451754,2.207736370140688
ORD10004,2024-04-29,2024-04-30,Delhi,Kolkata,Xpressbees,Air,Wh-West,35.33,198.2,251.21,5.0,Delivered,1.0,0.4685224119081658,0.16195017492312103,0.5690762978452109,0.28577073856780477,-0.9113864045447485,0.3160102921306624
ORD10044,2024-07-10,2024-07-16,Hyderabad,Mumbai,Fedex,Road,Wh-West,48.84,823.2,361.47,5.0,Delivered,6.0,0.6503069548397948,0.7844523848059664,0.8005016384582487,1.006082547172348,1.565971683399606,1.4513960488199305
ORD10281,2024-12-12,2024-12-15,Mumbai,Jaipur,Delhivery,Road,Wh-Central,27.85,412.9,231.35,4.0,Delivered,3.0,0.36787486334202335,0.375792134062076,0.5273920309798478,-0.11303994450858158,-0.060364354174103955,0.11150493091309593
ORD10202,2024-01-16,2024-01-20,Ahmedabad,Bengaluru,Ekart,Road,Wh-Central,42.19,477.0,282.45,3.0,Delivered,4.0,0.5608275166092002,0.43963596070766064,0.6346461113836772,0.6515249211752929,0.1937134913254691,0.6376994907427856
ORD10840,2024-12-18,2024-12-21,Chennai,Hyderabad,Xpressbees,Road,Wh-West,51.41,474.5,268.07,4.0,Delivered,3.0,0.6848877302161297,0.4371459518681292,0.6044638476614255,1.1431070733095554,0.1838040589736917,0.48962360482593753
ORD10358,2024-08-20,2024-08-27,Ahmedabad,Hyderabad,Fedex,Rail,Wh-West,17.63,575.2,196.92,4.0,Delivered,7.0,0.23035909511395167,0.5374435079244533,0.45512670831245344,-0.6579390328830029,0.5829559941032862,-0.2430328126277303
ORD10563,2024-06-24,2024-06-25,Chennai,Delhi,Dhl,Air,Wh-West,9.23,231.8,97.82,4.0,Delivered,1.0,0.11733243629635859,0.1954158937264228,0.24712515512224809,-1.1058012973003353,-0.7782036337368599,-1.2635001488140756
ORD10770,2024-12-18,2024-12-23,Ahmedabad,Hyderabad,Xpressbees,Road,Wh-East,64.84,559.4,410.73,1.0,Delivered,5.0,0.8655958287780673,0.5217066520586149,0.9038937324052672,1.8591535270148862,0.5203283816400527,1.9586434855559482
ORD10371,2024-03-13,2024-03-14,Mumbai,Lucknow,Dhl,Air,Wh-South,10.04,96.3,54.19,5.0,Delivered,1.0,0.12823143553948363,0.060457414623821926,0.15554990017079842,-1.0626145789458068,-1.3152948672031959,-1.7127735078232609
ORD10893,2024-12-13,2024-12-19,Lucknow,Hyderabad,Dhl,Rail,Wh-East,36.03,604.0,212.01,4.0,Delivered,6.0,0.47794130014296526,0.5661284097558548,0.48679919506967045,0.323092593935916,0.6971126547957619,-0.08764580856060664
ORD10883,2024-02-16,2024-03-02,Lucknow,Chennai,Xpressbees,Sea,Wh-West,19.24,1039.6124999999997,328.33,5.0,Delivered,15.0,0.25202253805399033,1.0,0.7309439041219883,-0.5720987655363475,2.423781694931217,1.110141886143689
ORD11066,2024-09-13,,Jaipur,Delhi,Ekart,Air,Wh-North,57.33,198.6,215.15,4.0,Delayed,,0.7645446135732906,0.16234857633744604,0.49338975891444586,1.4587433358512947,-0.9098008953684641,-0.05531213110727526
ORD10237,2024-09-10,2024-09-12,Hyderabad,Chennai,Dhl,Road,Wh-North,23.28,327.0,144.72,4.0,Delivered,2.0,0.3063829787234042,0.29023543033577776,0.3455638316572696,-0.35669834312610654,-0.4008524497811759,-0.7805544569155932
ORD10925,2024-01-09,,Chennai,Jaipur,Xpressbees,Road,Wh-South,34.79,202.2,281.64,3.0,Delayed,,0.4612564124127491,0.16593418906637122,0.6329459977804072,0.2569795929981192,-0.8955313127819046,0.629358637641767
ORD10683,2024-05-07,2024-05-12,Ahmedabad,Bengaluru,Fedex,Rail,Wh-West,14.12,424.4,91.4,1.0,Delivered,5.0,0.18313009839374314,0.3872461747239203,0.23365018063707033,-0.8450814790859597,-0.014780965355927834,-1.3296091326517783
ORD10273,2024-12-19,,Chennai,Bengaluru,Ekart,Air,Wh-West,4.4,120.2,60.9,3.0,Delayed,,0.05234210747624254,0.08426189912974193,0.16963355730406054,-1.3633220993403015,-1.2205606939202038,-1.6436782926284033
ORD11010,2024-05-23,,Kolkata,Pune,Xpressbees,Road,Wh-West,30.42,353.0,262.86,2.0,Cancelled,,0.4024556387183584,0.3161315222669041,0.5935285490527376,0.0239845816286261,-0.2977943533226908,0.43597441389222574
ORD10632,2024-09-04,2024-09-08,Delhi,Mumbai,Xpressbees,Road,Wh-South,38.95,331.6,184.53,4.0,Delivered,4.0,0.5172315196367,0.2948170466005155,0.42912126689947017,0.47877804775717925,-0.3826190942539054,-0.3706169730247919
ORD10194,2024-04-19,,Bengaluru,Pune,Delhivery,Road,Wh-East,54.39,227.9,291.72,5.0,Cancelled,,0.724985282987133,0.19153147993675385,0.6541029670655462,1.3019915433052283,-0.7936623482056328,0.7331559206766651
ORD10513,2024-11-23,2024-11-25,Bengaluru,Jaipur,Dhl,Road,Wh-West,31.49,197.1,233.92,5.0,Delivered,2.0,0.41685308216298034,0.16085457103372722,0.532786218585285,0.08103370340559565,-0.9157465547795305,0.1379691191471918
ORD10614,2024-01-14,2024-01-19,Bengaluru,Hyderabad,Xpressbees,Road,Wh-Central,20.65,364.4,198.91,3.0,Delivered,5.0,0.2709948700698006,0.3274859625751672,0.45930353062172197,-0.49692188543772386,-0.25260734179858585,-0.22254108710794387
ORD10431,2024-08-02,2024-08-03,Pune,Mumbai,Bluedart,Air,Wh-North,21.95,212.9,169.95999999999998,5.0,Delivered,1.0,0.28848709107728526,0.17659142689956556,0.398540211097439,-0.4276098683255176,-0.8531189423162971,-0.520649355348052
ORD10674,2024-03-12,2024-03-15,Jaipur,Bengaluru,Delhivery,Air,Wh-North,38.1,238.0,259.99,4.0,Delivered,3.0,0.5057942982087292,0.2015911156484606,0.5875046897423856,0.43345865195304434,-0.753628241504452,0.40642102080590065
ORD11085,2024-01-04,2024-01-14,Lucknow,Ahmedabad,Bluedart,Sea,Wh-East,20.14,897.2,224.84,5.0,Delivered,10.0,0.2641325372130182,0.8581566464560952,0.5137281549831956,-0.5241135229202046,1.8592908810122175,0.04446918561972459
ORD10209,2024-01-01,2024-01-06,Pune,Chennai,Bluedart,Road,Wh-East,6.9,662.6,160.87,4.0,Delivered,5.0,0.08598099402909763,0.6244942169544704,0.3794611584385191,-1.230029758739905,0.9293897491214246,-0.6142522623705934
ORD10162,2024-07-22,2024-07-26,Ahmedabad,Delhi,Delhivery,Road,Wh-Central,8.99,587.2,138.52,4.0,Delivered,4.0,0.11410310318728449,0.549395550354204,0.3325506164223627,-1.1185973619979732,0.6305212693918179,-0.8443980238616612
ORD10635,2024-02-10,2024-02-12,Kolkata,Ahmedabad,Bluedart,Road,Wh-Central,18.46,141.2,191.77,5.0,Delivered,2.0,0.24152720544949957,0.10517797338180553,0.4443173440447486,-0.6136859758036711,-1.1373214621652736,-0.29606416259099627
ORD10986,2024-07-11,,Mumbai,Delhi,Delhivery,Sea,Wh-West,27.31,1039.6124999999997,275.66,5.0,Cancelled,,0.3606088638466066,1.0,0.6203945417957712,-0.14183109007826739,2.423781694931217,0.567780487587334
ORD10853,2024-06-12,2024-06-16,Kolkata,Pune,Bluedart,Road,Wh-West,33.93,388.4,254.92,4.0,Delivered,4.0,0.44968463543856696,0.35139004743466845,0.5768632379293245,0.21112702783158277,-0.15747679122152264,0.3542134588032287
ORD10087,2024-06-29,,Kolkata,Hyderabad,Ekart,Air,Wh-East,74.82875000000001,102.8,456.51875000000007,5.0,Delayed,,1.0,0.06693143760660351,1.0,2.3917230738837714,-1.2895303430885747,2.430146247814299
ORD10345,2024-03-17,2024-03-19,Pune,Ahmedabad,Dhl,Rail,Wh-Central,56.34,233.1,297.21,5.0,Delivered,2.0,0.7512236144983601,0.1967106983229791,0.6656259592654878,1.4059595689735378,-0.7730507289139357,0.7896883694724571
ORD10951,2024-02-10,2024-02-14,Chennai,Delhi,Delhivery,Road,Wh-North,64.07,612.7,402.19,4.0,Delivered,4.0,0.8552350517197879,0.574793640517424,0.8859690778720244,1.8180994861099635,0.7315974793799475,1.870704120762493
ORD10717,2024-07-21,2024-07-22,Chennai,Hyderabad,Xpressbees,Air,Wh-Central,29.27,151.0,226.86,5.0,Delivered,1.0,0.386981750904045,0.11493880803276856,0.5179679444629556,-0.03732989504755643,-1.098476487346306,0.06526983162473396
ORD10752,2024-03-06,2024-03-22,Pune,Hyderabad,Ekart,Sea,Wh-South,13.56,1039.6124999999997,282.37,5.0,Delivered,16.0,0.1755949878059036,1.0,0.6344781989290333,-0.8749389633804483,2.423781694931217,0.6368757027821913
ORD10178,2024-09-03,2024-09-06,Bengaluru,Ahmedabad,Bluedart,Road,Wh-East,23.78,241.7,152.73,4.0,Delivered,3.0,0.31311075603397526,0.20527632873096704,0.36237606617849605,-0.3300398750060272,-0.7389622816238214,-0.6980726873610764
ORD10768,2024-06-20,2024-06-23,Pune,Lucknow,Dhl,Road,Wh-Central,21.53,514.6,194.44,5.0,Delivered,3.0,0.28283575813640566,0.4770856936542126,0.4499214222184908,-0.45000298154638413,0.34275135389620154,-0.26857023940615743
ORD10556,2024-04-07,,Lucknow,Pune,Delhivery,Road,Wh-North,26.2,271.8,198.36,5.0,Cancelled,,0.34567319821713893,0.2352560351589249,0.45814913249604483,-0.20101288930484343,-0.6196527161084212,-0.22820462933703037
ORD10876,2024-10-25,2024-10-26,Chennai,Lucknow,Ekart,Road,Wh-East,29.44,178.9,202.33,4.0,Delivered,1.0,0.38926919518963915,0.14272730668193878,0.4664817880577513,-0.028266015886729376,-0.9878872223004701,-0.18732415179253198
ORD10392,2024-03-12,2024-03-17,Jaipur,Chennai,Fedex,Road,Wh-North,25.56,625.2,262.14,3.0,Delivered,5.0,0.337061643259608,0.5872436847150809,0.5920173369609419,-0.235135728498545,0.7811446411388345,0.4285603222468756
ORD11175,2024-11-29,2024-11-30,Delhi,Lucknow,Bluedart,Road,Wh-South,18.21,98.3,62.54,4.0,Delivered,1.0,0.23816331679421407,0.06244942169544703,0.17307576262426178,-0.6270152098637108,-1.307367321321774,-1.6267906394362177
ORD10968,2024-12-28,2024-12-29,Lucknow,Delhi,Fedex,Air,Wh-South,74.82875000000001,135.2,35.73,5.0,Delivered,1.0,1.0,0.09920195216693022,0.11680410126170465,2.3917230738837714,-1.1611040998095394,-1.9028625797304248
ORD10744,2024-09-07,2024-09-11,Hyderabad,Bengaluru,Dhl,Road,Wh-East,10.8,306.1,197.69,4.0,Delivered,4.0,0.13845765705155158,0.2694189564372954,0.45674286568840167,-1.0220937074032863,-0.48369530424203505,-0.23510385350700885
ORD10997,2024-08-18,2024-08-23,Lucknow,Delhi,Dhl,Rail,Wh-South,18.01,750.6,129.71,2.0,Delivered,5.0,0.23547220586998568,0.712142528105975,0.31405925735469664,-0.6376785971117425,1.2782017679039896,-0.9351176730221223
ORD11165,2024-11-29,2024-11-30,Jaipur,Lucknow,Dhl,Air,Wh-Central,6.42,161.9,38.67,4.0,Delivered,1.0,0.07952232781094945,0.12579524657312538,0.12297488396987019,-1.255621888135181,-1.0552713622925565,-1.8725883721785792
ORD11026,2024-05-27,2024-05-30,Kolkata,Delhi,Delhivery,Road,Wh-North,26.2,404.3,271.14,5.0,Delivered,3.0,0.34567319821713893,0.36722650365408804,0.6109074881083874,-0.20101288930484343,-0.09445280146421813,0.5212364678137485
ORD10511,2024-03-13,2024-03-14,Mumbai,Pune,Delhivery,Air,Wh-West,20.89,156.3,119.36,5.0,Delivered,1.0,0.27422420317887475,0.1202176267725751,0.29233558353513434,-0.4841258207400857,-1.0774684907605379,-1.0416952404240263
ORD10914,2024-02-04,2024-02-06,Kolkata,Chennai,Delhivery,Road,Wh-West,24.34,231.8,157.82,4.0,Delivered,2.0,0.32064586662181477,0.1954158937264228,0.3730594961052181,-0.30018239071153846,-0.7782036337368599,-0.645659178368256
ORD10439,2024-07-01,2024-07-02,Lucknow,Mumbai,Delhivery,Air,Wh-South,7.89,186.8,127.47,4.0,Delivered,1.0,0.09930199310402825,0.15059573461485795,0.3093577086246657,-1.1772459918621478,-0.9565734160688534,-0.9581837359187664
ORD10728,2024-12-27,,Lucknow,Jaipur,Ekart,Road,Wh-North,29.54,424.3,193.64,4.0,In Transit,,0.39061475065175333,0.3871465743703391,0.44824229767205115,-0.02293432226271363,-0.015177342649998796,-0.2768081190121018
ORD10471,2024-12-02,2024-12-03,Ahmedabad,Hyderabad,Dhl,Road,Wh-East,32.01,219.9,196.5,2.0,Delivered,1.0,0.4238499705659742,0.18356345165025342,0.45424516792557273,0.10875851025047813,-0.8253725317313204,-0.24735769942085092
ORD10398,2024-12-10,,Mumbai,Kolkata,Dhl,Rail,Wh-Central,27.52,570.4,203.6,5.0,Cancelled,,0.3634345303170464,0.532662690952553,0.4691473982752241,-0.13063453346783405,0.5639298839878734,-0.17424651791809564
ORD10874,2024-02-13,2024-02-16,Jaipur,Pune,Bluedart,Road,Wh-South,22.34,291.3,192.56,4.0,Delivered,3.0,0.2937347573795307,0.25467810410726965,0.44597547953435773,-0.4068162631918557,-0.5423591437645574,-0.2879292564801264
ORD10035,2024-01-05,2024-01-08,Bengaluru,Ahmedabad,Xpressbees,Road,Wh-North,24.08,220.8,202.33,4.0,Delivered,3.0,0.3171474224203178,0.18445985483248473,0.4664817880577513,-0.3140447941339798,-0.8218051360846805,-0.18732415179253198
ORD10205,2024-08-09,,Hyderabad,Mumbai,Fedex,Rail,Wh-North,17.75,555.5,217.32,4.0,Delayed,,0.23197376166848874,0.517822238268946,0.4979443842466633,-0.6515410005341838,0.50486966717128,-0.032966882676151575
ORD10608,2024-01-28,2024-01-31,Kolkata,Mumbai,Bluedart,Road,Wh-North,74.82875000000001,529.1,398.68,4.0,Delivered,3.0,1.0,0.4915277449234946,0.8786019189245207,2.3917230738837714,0.4002260615365106,1.8345604239914126
ORD11054,2024-03-31,2024-04-04,Ahmedabad,Delhi,Delhivery,Road,Wh-South,13.87,363.2,117.61,5.0,Delivered,4.0,0.17976620973845764,0.3262907583321921,0.2886624985897977,-0.8584107131459994,-0.25736386932743893,-1.0597156020620295
ORD10828,2024-09-14,2024-09-24,Lucknow,Delhi,Ekart,Sea,Wh-Central,29.76,634.0,197.55,5.0,Delivered,10.0,0.39357497266840463,0.5960085158302314,0.4564490188927748,-0.011204596289878601,0.8160258430170909,-0.23654548243804896
ORD10043,2024-10-20,2024-10-26,Pune,Kolkata,Ekart,Rail,Wh-South,43.99,697.5,227.21,2.0,Delivered,6.0,0.5850475149272559,0.6592547403543284,0.5187025614520229,0.7474954064075787,1.0677254247522372,0.06887390395233452
ORD10261,2024-08-26,2024-08-30,Mumbai,Hyderabad,Delhivery,Road,Wh-North,26.2,656.8,294.27,5.0,Delivered,4.0,0.34567319821713893,0.6187173964467575,0.6594551765573223,-0.20101288930484343,0.9063998660653008,0.759414161920612
ORD10871,2024-06-19,2024-06-19,Chennai,Mumbai,Xpressbees,Air,Wh-East,14.03,103.9,96.88,4.0,Delivered,0.0,0.18191909847784035,0.06802704149599734,0.24515218378018155,-0.849880003347574,-1.2851701928537924,-1.27317965735106
ORD10429,2024-10-31,2024-11-07,Kolkata,Ahmedabad,Fedex,Rail,Wh-East,14.77,564.6,175.96,4.0,Delivered,7.0,0.19187620889748547,0.5268858704448403,0.411133645195736,-0.8104254705298566,0.5409400009317499,-0.45886525830346975
ORD10228,2024-09-17,2024-09-23,Mumbai,Lucknow,Delhivery,Rail,Wh-North,44.37,763.2,307.75,5.0,Delivered,6.0,0.5901606256832898,0.7246921726572132,0.6877484251648296,0.7677558421788387,1.328145306956948,0.898222433280773
ORD10724,2024-11-03,,Pune,Bengaluru,Delhivery,Road,Wh-Central,22.76,246.7,162.18,2.0,Delayed,,0.29938609032041036,0.2102563464100298,0.3822107248833139,-0.384423149970989,-0.7191434169202666,-0.6007627345158597
ORD10005,2024-10-08,2024-10-22,Jaipur,Mumbai,Bluedart,Sea,Wh-North,46.43,1039.6124999999997,387.89,2.0,Delivered,14.0,0.6178790682028424,1.0,0.8559547266044165,0.8775887308335656,2.423781694931217,1.7234520228062393
ORD11190,2024-11-26,2024-11-29,Jaipur,Ahmedabad,Dhl,Road,Wh-West,14.33,272.0,164.33,5.0,Delivered,3.0,0.18595576486418297,0.2354552358660874,0.3867233721018703,-0.8338849224755263,-0.6188599615202791,-0.5786234330748844
ORD10995,2024-10-30,2024-11-02,Chennai,Bengaluru,Delhivery,Road,Wh-South,74.82875000000001,453.9,456.51875000000007,5.0,Delivered,3.0,1.0,0.4166282790303906,1.0,2.3917230738837714,0.10215033639504568,2.430146247814299
ORD11128,2024-05-05,2024-05-09,Ahmedabad,Mumbai,Dhl,Road,Wh-Central,12.43,351.6,143.09,5.0,Delivered,4.0,0.1603902110840131,0.31473711731676657,0.34214261539389895,-0.9351871013318277,-0.303343635439686,-0.7973391366127046
ORD10585,2024-10-22,2024-10-24,Delhi,Mumbai,Delhivery,Air,Wh-South,7.25,192.8,73.55,3.0,Delivered,2.0,0.09069043814649734,0.15657175582973326,0.19618471419463673,-1.2113688310558495,-0.9327907784245876,-1.5134168213594095
ORD10727,2024-12-20,2024-12-22,Pune,Chennai,Ekart,Road,Wh-West,55.57,272.3,281.53,3.0,Delivered,2.0,0.7408628374400806,0.23575403692683117,0.6327151181552717,1.3649055280686155,-0.6176708296380657,0.6282259291959496
ORD10318,2024-02-04,2024-02-07,Pune,Ahmedabad,Xpressbees,Road,Wh-East,12.98,420.0,153.5,5.0,Delivered,3.0,0.16779076612564123,0.38286375916634513,0.36399222355444427,-0.9058627863997405,-0.032221566295056,-0.690143728240355
ORD10629,2024-11-13,2024-11-17,Ahmedabad,Bengaluru,Fedex,Road,Wh-East,12.68,437.7,214.08,5.0,Delivered,4.0,0.1637540997392986,0.4004930217502273,0.4911439298335829,-0.9218578672717881,0.03793721475552807,-0.06633029508022563
ORD11121,2024-02-13,2024-02-19,Jaipur,Lucknow,Dhl,Rail,Wh-South,33.43,753.4,227.21,3.0,Delivered,6.0,0.44295685812799596,0.7149313380062501,0.5187025614520229,0.18446855971150347,1.2893003321379803,0.06887390395233452
ORD10034,2024-10-23,2024-10-26,Bengaluru,Jaipur,Ekart,Road,Wh-East,14.22,454.4,204.75,4.0,Delivered,3.0,0.18447565385585737,0.4171262807982969,0.4715611398107311,-0.8397497854619437,0.10413222286540116,-0.16240456598455072
ORD10312,2024-04-11,2024-04-16,Mumbai,Ahmedabad,Ekart,Road,Wh-North,37.38,566.3,360.69,4.0,Delivered,5.0,0.49610629888150704,0.5285790764557216,0.7988644920254702,0.3950704578601302,0.5476784149309583,1.4433641162041344
ORD10817,2024-12-16,2024-12-21,Kolkata,Hyderabad,Delhivery,Road,Wh-Central,69.55,446.1,456.51875000000007,4.0,Delivered,5.0,0.9289714910436463,0.4088594514510528,1.0,2.110276296706033,0.07123290745750033,2.430146247814299
ORD10075,2024-02-08,,Mumbai,Bengaluru,Bluedart,Air,Wh-East,28.65,166.2,178.83,4.0,Delayed,,0.37863930703893695,0.13007806177711934,0.4171575045060881,-0.07038639551645484,-1.0382271386474995,-0.42931186521714465
ORD10173,2024-06-27,2024-07-01,Kolkata,Hyderabad,Fedex,Road,Wh-West,74.82875000000001,546.2,385.7,4.0,Delivered,4.0,1.0,0.5085594053858893,0.8513581231585381,2.3917230738837714,0.46800657882266816,1.7009008273849668
ORD10094,2024-06-21,2024-06-24,Jaipur,Ahmedabad,Fedex,Rail,Wh-East,28.11,256.5,190.67,4.0,Delivered,3.0,0.3713733075435202,0.22001718106099283,0.4420085477933941,-0.09917754108614045,-0.6802984421012991,-0.30739124704916987
ORD10051,2024-05-18,2024-05-25,Delhi,Jaipur,Bluedart,Rail,Wh-Central,19.8,579.2,102.27,5.0,Delivered,7.0,0.2595576486418299,0.5414275220677035,0.25646528541181834,-0.5422412812418586,0.5988110858661301,-1.2176769435060106
ORD10551,2024-04-12,2024-04-16,Chennai,Bengaluru,Bluedart,Road,Wh-North,31.87,426.7,277.17,5.0,Delivered,4.0,0.4219661929190143,0.38953698285628924,0.6235638893771759,0.10129413917685608,-0.005664287592292566,0.5833294853435538
ORD10788,2024-11-14,2024-11-19,Jaipur,Delhi,Xpressbees,Road,Wh-West,30.13,569.4,208.33,5.0,Delivered,5.0,0.3985535278782272,0.5316666874167404,0.4790752221560483,0.008522670118979956,0.5599661110471623,-0.12554005474795002
ORD11199,2024-11-23,2024-11-25,Pune,Ahmedabad,Fedex,Road,Wh-East,12.05,350.5,112.98,3.0,Delivered,2.0,0.15527710032797915,0.31364151342737273,0.2789445652772785,-0.9554475371030879,-0.3077037856744682,-1.107392330281432
ORD10419,2024-01-01,2024-01-04,Delhi,Mumbai,Fedex,Road,Wh-Central,18.75,199.8,191.98,4.0,Delivered,3.0,0.24542931628963077,0.16354378058042113,0.44475811423818895,-0.5982240642940252,-0.9050443678396108,-0.2939017191944361
ORD10747,2024-11-11,2024-11-18,Ahmedabad,Hyderabad,Xpressbees,Sea,Wh-Central,25.0,878.6,188.35,4.0,Delivered,7.0,0.3295265326717685,0.8396309806899817,0.43713908660871925,-0.26499321279303373,1.7855647043149934,-0.33128109790640814
ORD10508,2024-07-26,2024-07-30,Ahmedabad,Chennai,Ekart,Road,Wh-North,18.51,373.0,171.69,4.0,Delivered,4.0,0.2421999831805567,0.3360515929831552,0.40217131792911465,-0.6110201289916631,-0.21851889450847145,-0.5028349407001974
ORD10710,2024-07-14,2024-07-17,Bengaluru,Chennai,Dhl,Road,Wh-West,46.0,425.3,388.07,5.0,Delivered,3.0,0.6120931797157514,0.38814257790615164,0.8563325296273654,0.8546624482502975,-0.01121356970928783,1.7253055457175768
ORD10864,2024-04-12,2024-04-17,Pune,Ahmedabad,Dhl,Road,Wh-Central,33.52,441.5,206.65,5.0,Delivered,5.0,0.44416785804389874,0.404277835186315,0.47554906060852514,0.18926708397311792,0.05299955193022979,-0.14283960192043305
ORD10607,2024-06-15,,Jaipur,Chennai,Xpressbees,Road,Wh-East,49.3,546.9,320.64,3.0,In Transit,,0.65649650996552,0.509256607860958,0.7148033194193376,1.0306083378428208,0.4707812198811656,1.0309552684315497
ORD10387,2024-11-09,2024-11-13,Ahmedabad,Kolkata,Bluedart,Rail,Wh-South,32.02,378.0,231.12,2.0,Delivered,4.0,0.4239845261121857,0.34103161066221793,0.5269092826727464,0.10929167961287999,-0.1987000298049166,0.10913654052638706
ORD10093,2024-02-17,2024-02-18,Chennai,Delhi,Xpressbees,Road,Wh-East,3.58,160.6,202.33,5.0,Delivered,1.0,0.041308552686906065,0.12450044197656905,0.4664817880577513,-1.4070419870572317,-1.0604242671154809,-0.18732415179253198
ORD10751,2024-01-30,2024-02-03,Chennai,Pune,Fedex,Road,Wh-East,15.06,254.8,173.48,5.0,Delivered,4.0,0.19577831973761667,0.2183239750501115,0.4059283591017732,-0.7949635590202105,-0.6870368561005077,-0.48440268508189716
ORD10887,2024-08-30,,Lucknow,Pune,Ekart,Rail,Wh-North,23.08,574.4,237.37,4.0,Delayed,,0.3036918677991758,0.5366467050958033,0.5400274431918058,-0.3673617303741384,0.5797849757507172,0.1734949749478266
ORD10651,2024-03-06,2024-03-10,Kolkata,Lucknow,Fedex,Road,Wh-East,74.82875000000001,329.5,456.51875000000007,2.0,Delivered,4.0,1.0,0.29272543917530913,1.0,2.3917230738837714,-0.39094301742939847,2.430146247814299
ORD10148,2024-07-23,2024-08-01,Bengaluru,Jaipur,Delhivery,Rail,Wh-East,56.46,1039.6124999999997,431.84,4.0,Delivered,9.0,0.7528382810528971,1.0,0.9482016313744419,1.4123576013223567,2.423781694931217,2.1760205336578022
ORD10753,2024-05-13,2024-05-21,Pune,Kolkata,Fedex,Rail,Wh-North,11.73,564.6,166.7,3.0,Delivered,8.0,0.1509713228492137,0.5268858704448403,0.39169777857069765,-0.9725089566999388,0.5409400009317499,-0.5542187147422748
ORD10482,2024-05-26,2024-05-29,Jaipur,Bengaluru,Dhl,Road,Wh-South,74.82875000000001,460.9,456.51875000000007,3.0,Delivered,3.0,1.0,0.4236003037810785,1.0,2.3917230738837714,0.12989674698002246,2.430146247814299
ORD10402,2024-11-13,,Delhi,Kolkata,Ekart,Road,Wh-South,9.23,291.8,71.51,5.0,In Transit,,0.11733243629635859,0.2551761058751759,0.19190294660121576,-1.1058012973003353,-0.5403772572942019,-1.5344234143545676
ORD10249,2024-06-16,2024-06-21,Bengaluru,Lucknow,Xpressbees,Road,Wh-Central,14.56,586.3,226.22,5.0,Delivered,5.0,0.18905054242704566,0.5484991471719726,0.5166246448258038,-0.8216220271402898,0.6269538737451776,0.058679527939978396
ORD10340,2024-02-05,2024-02-09,Chennai,Mumbai,Fedex,Road,Wh-South,36.17,352.2,185.19,2.0,Delivered,4.0,0.47982507778992517,0.3153347194382541,0.43050654465028293,0.33055696500953824,-0.3009653716752596,-0.36382072234988794
ORD10927,2024-12-23,,Chennai,Hyderabad,Delhivery,Road,Wh-Central,14.5,542.7,456.51875000000007,3.0,Cancelled,,0.18824320914977713,0.5050733930105453,1.0,-0.8248210433146993,0.4541333735301798,2.430146247814299
ORD10200,2024-04-09,2024-04-10,Delhi,Bengaluru,Delhivery,Air,Wh-North,11.65,193.2,109.33,5.0,Delivered,1.0,0.14989487847952232,0.15697015724405824,0.27128355953414784,-0.9767743115991515,-0.9312052692483033,-1.1449776559835525
ORD10861,2024-11-15,2024-11-18,Bengaluru,Chennai,Ekart,Road,Wh-East,4.01,391.0,87.3,3.0,Delivered,3.0,0.04709444117399714,0.35397965662778114,0.22504466733656736,-1.3841157044739634,-0.14717098157567404,-1.3718282656322425
ORD10091,2024-04-19,,Chennai,Kolkata,Fedex,Road,Wh-East,18.61,467.2,178.11,4.0,Delayed,,0.24354553864267087,0.4298751260566976,0.41564629241429246,-0.6056884353676474,0.1548685165065016,-0.4367259568624945
ORD10732,2024-07-13,2024-07-17,Bengaluru,Hyderabad,Fedex,Road,Wh-South,29.45,359.1,192.66,4.0,Delivered,4.0,0.3894037507358506,0.3222071438353607,0.4461853701026626,-0.027732846524327896,-0.2736153383843538,-0.2868995215293834
ORD10540,2024-03-09,2024-03-13,Lucknow,Mumbai,Bluedart,Road,Wh-South,39.2,415.2,229.78,3.0,Delivered,4.0,0.5205954082919856,0.3780829421944449,0.5240967490574601,0.4921072818172189,-0.051247676410468686,0.09533809218643038
ORD10691,2024-08-23,2024-08-27,Chennai,Mumbai,Bluedart,Rail,Wh-West,65.67,507.1,376.25,4.0,Delivered,4.0,0.8767639391136152,0.4696156671356185,0.8315234644537203,1.9034065840942178,0.3130230568408693,1.6035908745397505
ORD10584,2024-01-01,,Chennai,Mumbai,Dhl,Road,Wh-North,9.82,384.1,131.54,2.0,Delayed,,0.12527121352283238,0.3471072322306745,0.3179002547546772,-1.0743443049186416,-0.17452101486657962,-0.9162735234235251
ORD10442,2024-06-03,2024-06-09,Jaipur,Bengaluru,Bluedart,Road,Wh-North,18.92,624.0,178.92,3.0,Delivered,6.0,0.24771676057522493,0.5860484804721058,0.41734640601756245,-0.5891601851331981,0.7763881136099813,-0.4283851037614762
ORD10609,2024-01-17,2024-01-18,Pune,Ahmedabad,Ekart,Road,Wh-East,9.01,125.6,59.65,5.0,Delivered,1.0,0.11437221427970733,0.08964031822312972,0.16700992520024868,-1.1175310232731703,-1.1991563200403648,-1.6565499795126912
ORD10280,2024-07-09,2024-07-14,Jaipur,Lucknow,Xpressbees,Road,Wh-West,36.68,625.7,259.22,3.0,Delivered,5.0,0.48668741064670756,0.5877416864829872,0.5858885323664375,0.357748602492019,0.7831265276091901,0.3984920616851795
ORD10410,2024-07-14,2024-07-15,Ahmedabad,Mumbai,Xpressbees,Road,Wh-West,16.57,149.4,180.41,5.0,Delivered,1.0,0.21609620721554113,0.11334520237546848,0.42047377548530623,-0.714454985297571,-1.1048185240514434,-0.4130420529954049
ORD10918,2024-04-10,2024-04-16,Hyderabad,Kolkata,Ekart,Rail,Wh-West,14.9,471.8,169.95,4.0,Delivered,6.0,0.19362543099823395,0.4344567423214354,0.3985192220406085,-0.8034942688186358,0.17310187203377211,-0.5207523288431263
ORD11048,2024-01-10,2024-01-12,Kolkata,Jaipur,Ekart,Road,Wh-Central,20.32,233.7,140.25,4.0,Delivered,2.0,0.2665545370448238,0.19730830044446662,0.3361817232540384,-0.5145164743969761,-0.7706724651495092,-0.8265836092138068
ORD10568,2024-07-11,,Ahmedabad,Lucknow,Bluedart,Road,Wh-North,4.38,554.6,187.45,4.0,Delayed,,0.05207299638381969,0.5169258350867147,0.43525007149397477,-1.3643884380651048,0.5013022715246402,-0.3405487124630955
ORD10903,2024-04-11,2024-04-14,Chennai,Mumbai,Bluedart,Road,Wh-West,41.61,398.2,281.22,3.0,Delivered,3.0,0.5530232949289378,0.36115088208563145,0.6320644573935265,0.6206010981560011,-0.11863181640255512,0.6250337508486467
ORD10694,2024-08-28,,Hyderabad,Jaipur,Xpressbees,Road,Wh-East,37.91,412.3,306.99,4.0,Delayed,,0.5032377428307122,0.3751945319405885,0.686153256845712,0.42332843406741394,-0.06274261793853039,0.890396447655126
ORD11169,2024-01-13,,Lucknow,Mumbai,Dhl,Road,Wh-Central,26.56,256.9,209.98,4.0,Delayed,,0.3505171978807501,0.22041558247531784,0.48253841653307994,-0.18181879225838637,-0.6787129329250148,-0.1085494280606902
ORD10687,2024-02-29,2024-03-03,Hyderabad,Mumbai,Delhivery,Rail,Wh-Central,16.05,402.0,218.6,2.0,Delivered,3.0,0.20909931881254729,0.3649356955217192,0.5006309835209666,-0.7421797921424534,-0.1035694792278534,-0.019786275306640743
ORD10335,2024-07-16,2024-07-28,Jaipur,Kolkata,Dhl,Sea,Wh-Central,6.96,1039.6124999999997,203.22,3.0,Delivered,12.0,0.08678832730636615,1.0,0.46834981411566534,-1.2268307425654954,2.423781694931217,-0.17815951073091912
ORD10642,2024-06-05,2024-06-08,Ahmedabad,Pune,Xpressbees,Road,Wh-North,28.73,321.5,163.57,3.0,Delivered,3.0,0.3797157514086283,0.28475741088880874,0.3851282037827527,-0.06612104061724204,-0.42265320095508624,-0.5864494187005317
ORD10314,2024-11-06,2024-11-11,Kolkata,Pune,Ekart,Rail,Wh-North,19.86,510.7,95.63,4.0,Delivered,5.0,0.2603649819190984,0.47320127986454363,0.2425285516763697,-0.5390422650674491,0.32729263942742864,-1.286051344235348
ORD10782,2024-09-04,2024-09-05,Pune,Jaipur,Delhivery,Air,Wh-East,1.56,171.0,46.09,4.0,Delivered,1.0,0.014128332352199142,0.1348588787490196,0.1385487641380975,-1.5147421982623521,-1.0192010285320867,-1.7961820388334464
ORD10920,2024-04-06,2024-04-11,Jaipur,Mumbai,Dhl,Road,Wh-South,10.07,679.9,153.48,5.0,Delivered,5.0,0.12863510217811788,0.6417250781240275,0.3639502454407832,-1.0610150708586021,0.9979630209957242,-0.6903496752305037
ORD11166,2024-02-02,2024-02-05,Pune,Kolkata,Dhl,Road,Wh-South,26.53,236.5,223.88,4.0,Delivered,3.0,0.35011353124211586,0.20009711034474179,0.511713205527468,-0.18341830034559098,-0.7595739009155184,0.03458373009259139
ORD11163,2024-02-09,2024-02-12,Jaipur,Hyderabad,Dhl,Road,Wh-West,51.84,351.5,263.29,4.0,Delivered,3.0,0.690673618703221,0.3146375169631853,0.5944310784964489,1.166033355892824,-0.3037400127337572,0.4404022741804208
ORD10506,2024-04-17,2024-04-22,Mumbai,Delhi,Ekart,Road,Wh-North,34.52,450.9,171.4,5.0,Delivered,5.0,0.4576234126650408,0.413640268422953,0.40156263528103026,0.24258402021327655,0.09025901757291278,-0.5058211720573521
ORD11060,2024-01-28,2024-02-01,Kolkata,Jaipur,Delhivery,Road,Wh-North,24.32,312.5,163.36,5.0,Delivered,4.0,0.32037675552939193,0.27579337906649576,0.38468743358931234,-0.3012487294363416,-0.45832715742148494,-0.5886118620970918
ORD10133,2024-01-08,,Pune,Delhi,Xpressbees,Road,Wh-Central,45.72,744.4,283.43,3.0,Delayed,,0.6083256244218316,0.7059673061839371,0.6367030389530658,0.839733706103053,1.2536263756715815,0.6477908932600674
ORD10092,2024-01-09,2024-01-11,Chennai,Bengaluru,Fedex,Air,Wh-Central,23.75,210.9,115.83,3.0,Delivered,2.0,0.312707089395341,0.17459941982794044,0.2849264464739696,-0.33163938309323204,-0.8610464881977191,-1.0780448841852555
ORD10834,2024-08-09,,Mumbai,Pune,Fedex,Air,Wh-North,33.71,144.2,123.0,2.0,Cancelled,,0.4467244134219157,0.1081659839892432,0.29997560022143455,0.19939730185874793,-1.1254301433431406,-1.00421288821698
ORD10592,2024-09-26,2024-09-30,Hyderabad,Jaipur,Bluedart,Rail,Wh-Central,29.58,564.6,214.29,4.0,Delivered,4.0,0.391152972836599,0.5268858704448403,0.49158470002702326,-0.02080164481310733,0.5409400009317499,-0.06416785168366548
ORD11193,2024-11-27,,Mumbai,Kolkata,Ekart,Sea,Wh-North,27.94,506.9,269.125,4.0,In Transit,,0.36908586325792614,0.4694164664284559,0.6066781931570426,-0.10824142024696731,0.3122303022527269,0.5004873085562765
ORD11051,2024-03-31,,Pune,Jaipur,Delhivery,Rail,Wh-East,19.99,278.5,140.12,4.0,In Transit,,0.26211420401984686,0.24192925884886898,0.33590886551524196,-0.5321110633562286,-0.5930954374056578,-0.8279222646497727
ORD10394,2024-09-12,2024-09-19,Delhi,Kolkata,Bluedart,Rail,Wh-South,6.38,744.3,105.88,4.0,Delivered,7.0,0.07898410562610376,0.7058677058303559,0.2640423349276271,-1.2577545655847875,1.2532299983775104,-1.180503511784187
ORD11057,2024-01-31,2024-02-01,Pune,Mumbai,Bluedart,Air,Wh-West,52.33,151.6,350.25,5.0,Delivered,1.0,0.6972668404675805,0.11553641015425609,0.7769519166944333,1.1921586546505014,-1.0960982235818797,1.3358597873465619
ORD11157,2024-05-05,2024-05-12,Chennai,Pune,Dhl,Rail,Wh-Central,7.83,656.8,128.07,4.0,Delivered,7.0,0.09849465982675973,0.6187173964467575,0.31061705203449547,-1.1804450080365574,0.9063998660653008,-0.9520053262143083
ORD10575,2024-08-12,2024-08-17,Hyderabad,Mumbai,Fedex,Rail,Wh-North,50.49,696.1,311.56,4.0,Delivered,5.0,0.6725086199646791,0.6578603354041909,0.6957452558172482,1.0940554919686099,1.062176142635242,0.9374553349040825
ORD10573,2024-08-21,,Jaipur,Mumbai,Fedex,Road,Wh-Central,6.83,383.7,160.54,3.0,Delayed,,0.0850391052056177,0.34670883081634946,0.3787685195631127,-1.233761944276716,-0.17610652404286414,-0.6176503877080456
ORD10278,2024-02-21,2024-02-24,Ahmedabad,Lucknow,Ekart,Rail,Wh-Central,31.07,284.8,230.28,4.0,Delivered,3.0,0.4112017492221007,0.24820408112448808,0.5251462018989848,0.058640590184729134,-0.5681236678791787,0.10048676694014555
ORD10735,2024-09-24,2024-10-11,Ahmedabad,Bengaluru,Bluedart,Sea,Wh-West,60.12,1039.6124999999997,269.125,4.0,Delivered,17.0,0.802085610966277,1.0,0.6066781931570426,1.6074975879613371,2.423781694931217,0.5004873085562765
ORD11045,2024-12-07,2024-12-11,Hyderabad,Lucknow,Dhl,Road,Wh-Central,47.16,479.3,266.2,5.0,Delivered,4.0,0.6277016230762761,0.4419267688400295,0.6005388940341229,0.9165100942888813,0.20283016908910437,0.47036756124704276
ORD10279,2024-05-16,2024-05-19,Pune,Jaipur,Xpressbees,Road,Wh-Central,16.04,364.2,199.12,5.0,Delivered,3.0,0.20896476326633584,0.3272867618680047,0.45974430081516243,-0.7427129615048551,-0.253400096386728,-0.2203786437113834
ORD10639,2024-02-04,2024-02-06,Kolkata,Chennai,Delhivery,Air,Wh-South,26.54,281.7,152.93,1.0,Delivered,2.0,0.35024808678832725,0.24511647016346916,0.36279584731510606,-0.1828851309831895,-0.5804113639953827,-0.6960132174595902
ORD10337,2024-07-03,,Bengaluru,Jaipur,Delhivery,Road,Wh-North,74.31,260.9,456.51875000000007,5.0,In Transit,,0.9930199310402824,0.22439959661856804,1.0,2.364064913209188,-0.662857841162171,2.430146247814299
ORD10227,2024-01-16,2024-01-30,Delhi,Lucknow,Bluedart,Sea,Wh-North,5.73,1039.6124999999997,194.84,4.0,Delivered,14.0,0.07023799512236145,1.0,0.45076098449171054,-1.2924105741408904,2.423781694931217,-0.26445129960318525
ORD10698,2024-07-03,2024-07-06,Ahmedabad,Pune,Xpressbees,Road,Wh-South,31.49,321.0,236.42,4.0,Delivered,3.0,0.41685308216298034,0.2842594091209024,0.5380334827929087,0.08103370340559565,-0.4246350874254417,0.16371249291576762
ORD10008,2024-08-15,2024-08-16,Pune,Bengaluru,Xpressbees,Air,Wh-East,14.95,128.7,114.92,4.0,Delivered,1.0,0.19429820872929104,0.09272792918414863,0.28301644230239453,-0.800828422006628,-1.1868686239241606,-1.087415472237017
ORD10085,2024-07-14,2024-07-15,Bengaluru,Pune,Ekart,Road,Wh-West,68.54,253.8,450.57,3.0,Delivered,1.0,0.915381380876293,0.21732797151429895,0.9875141348179591,2.056426191103473,-0.6910006290412186,2.3688898899319724
ORD11135,2024-05-21,2024-06-01,Bengaluru,Ahmedabad,Delhivery,Sea,Wh-Central,37.13,852.8,337.89,5.0,Delivered,11.0,0.4927424102262215,0.8139340894660178,0.7510094424519415,0.38174122380009057,1.6832993624446502,1.208584547434723
ORD10912,2024-05-31,2024-06-04,Chennai,Pune,Ekart,Road,Wh-Central,41.4,494.9,279.42,3.0,Delivered,4.0,0.550197628458498,0.4574644239987053,0.6282864271640373,0.6094045415455677,0.2646650269641953,0.606498521735272
ORD10068,2024-09-20,2024-09-28,Bengaluru,Chennai,Bluedart,Rail,Wh-South,34.05,1039.6124999999997,227.21,4.0,Delivered,8.0,0.451299301993104,1.0,0.5187025614520229,0.21752506018040169,2.423781694931217,0.06887390395233452
ORD11113,2024-07-06,2024-07-08,Hyderabad,Lucknow,Ekart,Road,Wh-North,74.82875000000001,327.3,456.51875000000007,4.0,Delivered,2.0,1.0,0.2905342313965215,1.0,2.3917230738837714,-0.3996633178989626,2.430146247814299
ORD10096,2024-06-07,2024-06-16,Hyderabad,Kolkata,Ekart,Rail,Wh-West,18.26,1039.6124999999997,273.47,5.0,Delivered,9.0,0.2388360945252712,1.0,0.6157979383498928,-0.6243493630517029,2.423781694931217,0.5452292921660616
ORD10341,2024-12-02,2024-12-05,Delhi,Ahmedabad,Ekart,Road,Wh-Central,21.62,407.1,165.59,5.0,Delivered,3.0,0.28404675805230845,0.37001531355436323,0.38936799326251265,-0.44520445728476987,-0.08335423723022738,-0.5656487726955223
ORD10121,2024-09-09,,Lucknow,Hyderabad,Ekart,Air,Wh-Central,31.33,122.8,456.51875000000007,2.0,Delayed,,0.4147001934235976,0.08685150832285456,1.0,0.07250299360717027,-1.2102548842743552,2.430146247814299
ORD10156,2024-04-03,2024-04-11,Ahmedabad,Lucknow,Ekart,Sea,Wh-North,37.67,777.2,284.89,4.0,Delivered,8.0,0.5000084097216382,0.7386362221585889,0.639767441250318,0.41053236936977616,1.3836381281269015,0.6628250235409155
ORD10947,2024-01-19,2024-01-25,Ahmedabad,Lucknow,Fedex,Rail,Wh-East,9.42,560.5,150.69,3.0,Delivered,6.0,0.11988899167437557,0.5228022559480088,0.3580942985850752,-1.095671079414705,0.5246885318748349,-0.7190792803562343
ORD10994,2024-01-13,2024-01-17,Kolkata,Pune,Xpressbees,Road,Wh-North,12.88,467.6,172.8,5.0,Delivered,4.0,0.16644521066352702,0.43027352747102265,0.40450110323729965,-0.9111944800237561,0.1564540256827861,-0.49140488274694955
ORD10633,2024-02-16,2024-02-19,Lucknow,Kolkata,Delhivery,Road,Wh-East,18.88,282.2,74.69,4.0,Delivered,3.0,0.2471785383903792,0.24561447193137542,0.19857746667331316,-0.5912928625828046,-0.5784294775250273,-1.5016778429209392
ORD10470,2024-03-08,2024-03-13,Delhi,Lucknow,Xpressbees,Rail,Wh-West,19.96,432.9,225.04,3.0,Delivered,5.0,0.26171053738121264,0.395712204778327,0.5141479361198054,-0.5337105714434331,0.018911104640115382,0.04652865552121054
ORD10557,2024-11-09,2024-11-21,Lucknow,Hyderabad,Fedex,Sea,Wh-West,21.99,796.3,211.65,4.0,Delivered,12.0,0.28902531326213093,0.7576598896926086,0.48604358902377265,-0.4254771908759113,1.4593461912944807,-0.0913528543832814
ORD10723,2024-12-30,2025-01-11,Delhi,Ahmedabad,Ekart,Sea,Wh-North,43.41,755.7,269.34,1.0,Delivered,12.0,0.5772432932469934,0.717222146138619,0.6071294578788983,0.7165715833882864,1.2984170099016157,0.5027012387003739
ORD10293,2024-12-23,2024-12-28,Kolkata,Hyderabad,Ekart,Road,Wh-East,38.57,655.9,237.96,3.0,Delivered,5.0,0.5121184088806661,0.6178209932645262,0.541265797544805,0.45851761198591884,0.902832470418661,0.17957041115721054
ORD10772,2024-03-25,2024-03-31,Lucknow,Ahmedabad,Dhl,Rail,Wh-Central,47.08,638.0,309.31,4.0,Delivered,6.0,0.6266251787065847,0.5999925299734815,0.6910227180303868,0.9122447393896687,0.8318809347799347,0.9142862985123643
ORD10414,2024-02-17,2024-02-20,Pune,Chennai,Ekart,Road,Wh-East,22.25,326.9,186.88,3.0,Delivered,3.0,0.2925237574636279,0.2901358299821965,0.43405369525463655,-0.41161478745346997,-0.4012488270752471,-0.34641820168233073
ORD11055,2024-12-22,,Mumbai,Ahmedabad,Ekart,Road,Wh-West,65.7,423.1,351.05,4.0,Delayed,,0.8771676057522495,0.3859513701273641,0.778631041240873,1.9050060921814225,-0.019933870178851912,1.3440976669525062
ORD11153,2024-11-13,2024-11-18,Mumbai,Pune,Bluedart,Road,Wh-South,1.35,376.3,140.48,4.0,Delivered,5.0,0.011302665881759313,0.3393384046513366,0.3366644715611397,-1.5259387548727852,-0.2054384438041252,-0.8242152188270979
ORD10164,2024-06-05,2024-06-07,Delhi,Kolkata,Fedex,Air,Wh-Central,74.82875000000001,266.9,456.51875000000007,3.0,Delivered,2.0,1.0,0.23037561783344335,1.0,2.3917230738837714,-0.6390752035179051,2.430146247814299
ORD10120,2024-08-09,2024-08-12,Mumbai,Pune,Ekart,Rail,Wh-Central,30.55,347.8,227.87,3.0,Delivered,3.0,0.40420486081910684,0.31095230388067885,0.5200878392028355,0.03091578333984667,-0.31840597261438774,0.0756701546272385
ORD10905,2024-02-17,,Pune,Ahmedabad,Ekart,Air,Wh-South,12.54,150.6,86.5,5.0,Cancelled,,0.1618703220923387,0.11454040661844353,0.22336554279012777,-0.9293222383454103,-1.1000619965225906,-1.3800661452381868
ORD10696,2024-03-18,2024-03-18,Hyderabad,Mumbai,Xpressbees,Air,Wh-East,17.47,64.2,100.09,4.0,Delivered,0.0,0.22820620637456893,0.028485701124239,0.2518896710227705,-0.6664697426814283,-1.442531978600018,-1.2401251654322087
ORD10282,2024-07-06,2024-07-07,Jaipur,Pune,Delhivery,Air,Wh-North,28.41,193.9,274.3,4.0,Delivered,1.0,0.37540997392986286,0.15766735971912707,0.6175400300668239,-0.08318246021409283,-0.9284306281898056,0.5537760922572287
ORD10364,2024-02-08,2024-02-09,Ahmedabad,Lucknow,Ekart,Air,Wh-North,74.82875000000001,228.0,456.51875000000007,5.0,Delivered,1.0,1.0,0.1916310802903351,1.0,2.3917230738837714,-0.7932659709115616,2.430146247814299
ORD10746,2024-07-20,2024-07-22,Bengaluru,Delhi,Xpressbees,Road,Wh-Central,42.79,272.7,230.79,5.0,Delivered,2.0,0.5689008493818855,0.23615243834115618,0.52621664379734,0.6835150829193882,-0.6160853204617814,0.10573841518893493
ORD10310,2024-08-27,2024-08-29,Chennai,Delhi,Delhivery,Road,Wh-North,12.06,318.2,132.54,1.0,Delivered,2.0,0.15541165587419056,0.2814705992206273,0.3199991604377267,-0.9549143677406863,-0.43573365165943245,-0.9059761739160948
ORD10510,2024-02-17,2024-02-21,Jaipur,Lucknow,Delhivery,Road,Wh-Central,41.81,638.1,291.64,5.0,Delivered,4.0,0.5557144058531662,0.6000921303270629,0.6539350546109022,0.6312644854040329,0.8322773120740059,0.7323321327160702
ORD10179,2024-04-22,2024-04-27,Ahmedabad,Kolkata,Ekart,Rail,Wh-North,27.95,332.3,266.85,2.0,Delivered,5.0,0.36922041880413753,0.29551424907558427,0.6019031827281051,-0.10770825088456584,-0.3798444531954077,0.47706083842687286
ORD10911,2024-10-25,2024-10-31,Bengaluru,Kolkata,Delhivery,Rail,Wh-East,52.06,425.2,368.77,4.0,Delivered,6.0,0.6936338407198721,0.3880429775525704,0.8158236499445101,1.1777630818656588,-0.011609947003359017,1.5265667002241714
ORD10809,2024-01-26,2024-02-01,Kolkata,Delhi,Dhl,Rail,Wh-West,44.81,421.6,317.3,4.0,Delivered,6.0,0.5960810697165924,0.38445736482364523,0.7077929744379523,0.7912152941245088,-0.025879529589918362,0.9965621210767327
ORD10820,2024-03-15,2024-03-19,Jaipur,Hyderabad,Bluedart,Road,Wh-North,31.83,340.6,212.32,5.0,Delivered,4.0,0.4214279707341686,0.3037810784228285,0.4874498558314158,0.09916146172724959,-0.3469451377875067,-0.08445363021330321
ORD10069,2024-03-07,,Pune,Mumbai,Ekart,Road,Wh-South,4.6,382.4,202.33,4.0,Delayed,,0.055033218400470936,0.3454140262197931,0.4664817880577513,-1.3526587120922697,-0.18125942886578844,-0.18732415179253198
ORD10783,2024-04-19,2024-04-26,Jaipur,Lucknow,Ekart,Rail,Wh-South,43.6,607.5,243.08,4.0,Delivered,7.0,0.5797998486250104,0.5696144221311987,0.5520121946420184,0.7267018012739168,0.7109858600882503,0.23229284063525385
ORD10523,2024-06-14,2024-06-15,Hyderabad,Bengaluru,Xpressbees,Air,Wh-South,20.05,154.3,64.52,5.0,Delivered,1.0,0.2629215372971154,0.11822561970095,0.17723159587669976,-0.528912047181819,-1.08539603664196,-1.6064018874115058
ORD11149,2024-06-23,2024-06-26,Kolkata,Jaipur,Bluedart,Rail,Wh-South,29.6,490.4,199.68,5.0,Delivered,3.0,0.3914220839290219,0.4529824080875488,0.4609196879976702,-0.01973530608830399,0.24682804873099598,-0.2146121279872224
ORD11004,2024-12-19,2024-12-29,Lucknow,Mumbai,Xpressbees,Sea,Wh-North,15.07,684.0,251.8,4.0,Delivered,10.0,0.1959128752838281,0.6458086926208589,0.5703146521982101,-0.7944303896578089,1.0142144900526393,0.3220857283400463
ORD10804,2024-07-08,2024-07-12,Kolkata,Hyderabad,Bluedart,Road,Wh-North,27.97,300.3,196.31,4.0,Delivered,4.0,0.36948952989656036,0.26364213592958263,0.45384637584579335,-0.1066419121597627,-0.5066851872981587,-0.24931419582726266
ORD10815,2024-07-14,,Delhi,Pune,Xpressbees,Air,Wh-West,15.23,112.4,144.03,4.0,Delayed,,0.19806576402321083,0.07649307155040404,0.34411558673596543,-0.7858996798593835,-1.2514781228577492,-0.7876596280757202
ORD10123,2024-12-28,2024-12-31,Lucknow,Bengaluru,Xpressbees,Rail,Wh-West,41.02,311.0,337.33,2.0,Delivered,3.0,0.545084517702464,0.2742993737627769,0.7498340552694338,0.5891441057743076,-0.4642728168325514,1.202818031710562
ORD10863,2024-06-08,2024-06-15,Ahmedabad,Mumbai,Dhl,Rail,Wh-Central,36.74,597.7,275.33,5.0,Delivered,7.0,0.4874947439239761,0.5598535874802357,0.6197019029203648,0.36094761866642866,0.672140885269283,0.5643823622498816
ORD10058,2024-07-28,2024-07-29,Chennai,Mumbai,Fedex,Air,Wh-Central,41.72,147.9,247.5,4.0,Delivered,1.0,0.5545034059372634,0.11185119707174965,0.5612893577610972,0.6264659611424185,-1.11076418346251,0.27780712545809577
ORD11138,2024-11-21,2024-11-25,Jaipur,Bengaluru,Delhivery,Road,Wh-North,74.82875000000001,409.7,456.51875000000007,5.0,Delivered,4.0,1.0,0.3726049227474758,1.0,2.3917230738837714,-0.073048427584379,2.430146247814299
ORD10363,2024-08-29,2024-09-08,Lucknow,Pune,Delhivery,Sea,Wh-East,12.01,828.3,214.22,1.0,Delivered,10.0,0.15473887814313345,0.7895320028386102,0.49143777662920984,-0.9575802145526945,1.5861869253972316,-0.06488866614918554
ORD10265,2024-12-08,2024-12-09,Chennai,Ahmedabad,Dhl,Road,Wh-Central,5.55,124.4,138.77,5.0,Delivered,1.0,0.06781599529055587,0.08844511398015467,0.3330753428431251,-1.302007622664119,-1.2039128475692176,-0.8418236864848037
ORD10833,2024-09-04,2024-09-07,Kolkata,Pune,Fedex,Road,Wh-Central,23.87,266.8,252.81,4.0,Delivered,3.0,0.314321755949878,0.23027601747986215,0.57243454693809,-0.32524135074441296,-0.6394715808119761,0.3324860513425508
ORD11073,2024-07-28,2024-08-02,Pune,Jaipur,Xpressbees,Rail,Wh-South,22.07,340.6,119.11,3.0,Delivered,5.0,0.29010175763182233,0.3037810784228285,0.29181085711437194,-0.42121183597669853,-0.3469451377875067,-1.044269577800884
ORD10248,2024-01-29,,Mumbai,Delhi,Ekart,Sea,Wh-West,16.89,1039.6124999999997,297.62,4.0,Delayed,,0.22040198469430658,1.0,0.6664865105955382,-0.6973935657007202,2.423781694931217,0.7939102827705038
ORD10380,2024-03-10,2024-03-11,Lucknow,Mumbai,Delhivery,Air,Wh-East,27.11,140.8,215.65,4.0,Delivered,1.0,0.3579177529223782,0.10477957196748053,0.4944392117559706,-0.1524944773262991,-1.1389069713415578,-0.05016345635356009
ORD10604,2024-10-30,2024-11-03,Delhi,Jaipur,Ekart,Rail,Wh-East,24.69,347.9,228.19,3.0,Delivered,4.0,0.3253553107392145,0.3110519042342601,0.5207594890214114,-0.2815214630274829,-0.3180095953203168,0.07896530646961614
ORD11049,2024-01-20,2024-01-22,Bengaluru,Delhi,Dhl,Rail,Wh-North,31.81,238.8,257.41,4.0,Delivered,2.0,0.42115885964174576,0.20238791847711066,0.5820895130801178,0.09809512300244644,-0.7504572231518831,0.3798538590767306
ORD11069,2024-02-25,2024-02-26,Jaipur,Chennai,Bluedart,Air,Wh-East,20.2,101.3,193.22,5.0,Delivered,1.0,0.2649398704902867,0.06543743230288468,0.44736075728517033,-0.5209145067457952,-1.295476002499641,-0.2811330058052224
ORD10550,2024-12-11,2024-12-15,Jaipur,Pune,Bluedart,Road,Wh-Central,16.96,595.5,212.1,3.0,Delivered,4.0,0.22134387351778653,0.557662379701448,0.4869880965811449,-0.6936613801639091,0.6634205847997187,-0.08671904710493787
ORD10147,2024-01-02,2024-01-04,Hyderabad,Kolkata,Xpressbees,Rail,Wh-West,5.57,150.4,137.6,4.0,Delivered,2.0,0.06808510638297872,0.11434120591128102,0.33061962319395716,-1.300941283939316,-1.1008547511107325,-0.8538715854084973
ORD10251,2024-05-02,2024-05-06,Pune,Ahmedabad,Xpressbees,Road,Wh-South,66.68,518.8,371.44,4.0,Delivered,4.0,0.8903540492809687,0.4812689085046253,0.8214277281182523,1.9572566896967782,0.35939920024718736,1.5540606234090104
ORD10948,2024-11-28,2024-12-02,Bengaluru,Hyderabad,Fedex,Road,Wh-North,74.82875000000001,363.7,436.71,4.0,Delivered,4.0,1.0,0.32678876010009844,0.958423302050893,2.3917230738837714,-0.25538198285708347,2.2261686257589877
ORD11130,2024-12-01,2024-12-02,Kolkata,Chennai,Fedex,Air,Wh-East,31.47,153.6,249.13,5.0,Delivered,1.0,0.4165839710705575,0.11752841722588118,0.5647105740244679,0.0799673646807925,-1.0881706777004576,0.29459180515520716
ORD10212,2024-09-03,2024-09-07,Ahmedabad,Jaipur,Fedex,Road,Wh-North,12.36,388.7,86.41,4.0,Delivered,4.0,0.15944832226053315,0.3516888484954122,0.2231766412786533,-0.9389192868686388,-0.1562876593393093,-1.3809929066938558
ORD10440,2024-04-16,,Kolkata,Bengaluru,Ekart,Sea,Wh-Central,6.89,685.5,127.28,5.0,In Transit,,0.0858464384828862,0.6473026979245778,0.30895891654488633,-1.2305629281023065,1.0201601494637056,-0.9601402323251782
ORD11047,2024-09-21,2024-09-24,Jaipur,Ahmedabad,Fedex,Rail,Wh-South,10.18,251.5,119.7,4.0,Delivered,3.0,0.1301152131864435,0.21503716338193007,0.2930492114673712,-1.0551502078721846,-0.700117306804854,-1.0381941415915
ORD10564,2024-11-12,2024-11-16,Hyderabad,Delhi,Bluedart,Road,Wh-East,26.2,357.5,132.31,5.0,Delivered,4.0,0.34567319821713893,0.3206135381780606,0.31951641213062537,-0.20101288930484343,-0.2799573750894914,-0.9083445643028036
ORD10330,2024-07-12,2024-07-15,Ahmedabad,Jaipur,Dhl,Road,Wh-East,46.23,234.8,344.56,5.0,Delivered,3.0,0.615187957278614,0.19840390433386046,0.7650091433578817,0.8669253435855337,-0.766312314914727,1.2772678686492833
ORD10432,2024-12-05,2024-12-09,Hyderabad,Delhi,Fedex,Road,Wh-West,20.46,538.5,202.33,5.0,Delivered,4.0,0.26843831469178364,0.5008901781601326,0.4664817880577513,-0.5070521033233539,0.4374855271791936,-0.18732415179253198
ORD10276,2024-11-20,,Pune,Ahmedabad,Ekart,Sea,Wh-North,16.52,923.2,269.125,5.0,Delayed,,0.215423429484484,0.8840527383872215,0.6066781931570426,-0.7171208321095789,1.9623489774707026,0.5004873085562765
ORD11089,2024-04-03,2024-04-05,Hyderabad,Ahmedabad,Delhivery,Road,Wh-West,26.2,134.9,202.33,5.0,Delivered,2.0,0.34567319821713893,0.09890315110618647,0.4664817880577513,-0.20101288930484343,-1.1622932316917525,-0.18732415179253198
ORD11081,2024-09-12,2024-09-13,Ahmedabad,Mumbai,Bluedart,Air,Wh-East,50.25,134.0,308.66,3.0,Delivered,1.0,0.669279286855605,0.09800674792395517,0.6896584293364046,1.0812594272709717,-1.1658606273383925,0.9075930213325348
ORD11077,2024-03-10,2024-03-13,Lucknow,Jaipur,Xpressbees,Road,Wh-Central,20.85,437.2,202.33,4.0,Delivered,3.0,0.2736859809940291,0.399995019982321,0.4664817880577513,-0.48625849818969197,0.03595532828517258,-0.18732415179253198
ORD11013,2024-05-21,2024-05-25,Lucknow,Delhi,Delhivery,Road,Wh-North,4.63,393.3,114.99,3.0,Delivered,4.0,0.0554368850391052,0.35627046476015,0.283163365700208,-1.351059204005065,-0.13805430381203876,-1.0866946577714969
ORD10901,2024-03-21,,Mumbai,Hyderabad,Delhivery,Road,Wh-North,27.6,582.2,178.25,4.0,Cancelled,,0.3645109746867378,0.5444155326751412,0.4159401392099194,-0.12636917856862123,0.610702404688263,-0.4352843279314544
ORD10448,2024-07-06,2024-07-10,Jaipur,Delhi,Xpressbees,Road,Wh-South,30.72,298.7,262.65,5.0,Delivered,4.0,0.40649230510470097,0.26204853027228253,0.5930877788592971,0.039979662500673536,-0.5130272240032964,0.433811970495665
ORD10385,2024-01-25,,Bengaluru,Delhi,Fedex,Rail,Wh-East,15.8,714.9,224.88,4.0,Delayed,,0.20573543015726178,0.6765852018774668,0.5138121112105175,-0.755509026202493,1.136695073920608,0.044881079600021724
ORD11028,2024-12-16,2024-12-19,Kolkata,Delhi,Bluedart,Road,Wh-West,32.09,275.9,202.33,5.0,Delivered,3.0,0.42492641493566563,0.23933964965575633,0.4664817880577513,0.11302386514969111,-0.6034012470515064,-0.18732415179253198
ORD10524,2024-05-01,2024-05-03,Delhi,Mumbai,Delhivery,Road,Wh-East,45.83,373.9,271.35,2.0,Delivered,2.0,0.6098057354301571,0.33694799616538645,0.6113482583018278,0.8455985690894704,-0.21495149886183165,0.5233989112103093
ORD10303,2024-10-11,2024-10-12,Chennai,Pune,Dhl,Road,Wh-North,6.77,90.6,83.52,5.0,Delivered,1.0,0.08423177192834916,0.054780194469690374,0.21711080385464024,-1.2369609604511256,-1.3378883729652487,-1.4107522467703295
ORD10487,2024-11-20,2024-11-22,Ahmedabad,Delhi,Fedex,Air,Wh-Central,22.66,200.4,178.93,4.0,Delivered,2.0,0.2980405348582961,0.16414138270190864,0.4173673950743931,-0.38975484359500495,-0.9026661040751843,-0.4282821302664017
ORD11050,2024-10-22,2024-10-25,Lucknow,Delhi,Delhivery,Road,Wh-East,9.07,260.1,47.74,5.0,Delivered,3.0,0.11517954755697586,0.22360279378991804,0.14201195851512916,-1.1143320070987608,-0.6660288595147394,-1.7791914121461863
ORD11139,2024-03-25,2024-03-29,Hyderabad,Kolkata,Ekart,Road,Wh-West,30.77,507.2,229.97,3.0,Delivered,4.0,0.4071650828357581,0.4697152674891997,0.5244955411372394,0.04264550931268151,0.3134194341349403,0.09729458859284212
ORD10940,2024-05-15,,Lucknow,Bengaluru,Fedex,Air,Wh-North,18.3,100.8,147.9,4.0,Delayed,,0.23937431671011686,0.0649394305349784,0.352238351729367,-0.6222166856020965,-1.2974578889699966,-0.7478088854819648
ORD10067,2024-11-12,2024-11-13,Mumbai,Ahmedabad,Fedex,Air,Wh-North,56.92,107.3,227.75,4.0,Delivered,1.0,0.7590278361786225,0.07141345351776,0.5198359705208696,1.4368833919928297,-1.2716933648553752,0.07443447268634681
ORD10019,2024-11-06,2024-11-08,Mumbai,Kolkata,Ekart,Road,Wh-South,16.32,389.7,179.82,2.0,Delivered,2.0,0.21273231856025565,0.3526848520312248,0.4192354211323071,-0.7277842193576106,-0.15232388639859834,-0.41911748920478886
ORD10877,2024-05-31,2024-06-01,Ahmedabad,Jaipur,Dhl,Air,Wh-North,8.89,155.4,32.66,5.0,Delivered,1.0,0.1127575477251703,0.11932122359034379,0.11036046081474268,-1.1239290556219892,-1.0810358864071776,-1.9344754427182358
ORD10324,2024-05-25,2024-05-29,Hyderabad,Delhi,Dhl,Road,Wh-West,74.08,629.8,456.51875000000007,4.0,Delivered,4.0,0.9899251534774197,0.5918253009798186,1.0,2.351802017873952,0.7993779966661047,2.430146247814299
ORD10260,2024-05-19,,Delhi,Mumbai,Delhivery,Rail,Wh-East,36.25,627.9,304.58,5.0,In Transit,,0.4809015221596165,0.5899328942617748,0.6810948941495627,0.33482231990875083,0.791846828078754,0.8655798353422187
ORD10130,2024-05-21,2024-05-23,Hyderabad,Delhi,Fedex,Road,Wh-East,30.79,237.3,233.38,3.0,Delivered,2.0,0.4074341939281809,0.20089391317339184,0.5316528095164383,0.04371184803748466,-0.7564028825629496,0.1324085504131795
ORD10409,2024-01-15,2024-01-18,Mumbai,Delhi,Xpressbees,Road,Wh-West,23.15,338.3,136.92,1.0,Delivered,3.0,0.30463375662265574,0.3014902702904596,0.3291923673294835,-0.3636295448373273,-0.3560618155511419,-0.8608737830735499
ORD10400,2024-06-11,,Kolkata,Delhi,Xpressbees,Road,Wh-Central,24.01,531.8,150.59,4.0,In Transit,,0.3162055335968379,0.49421695447018843,0.3578844080167702,-0.3177769796707907,0.4109282484764299,-0.7201090153069772
ORD10054,2024-06-14,2024-06-17,Chennai,Bengaluru,Bluedart,Road,Wh-Central,74.82875000000001,416.8,456.51875000000007,2.0,Delivered,3.0,1.0,0.379676547851745,1.0,2.3917230738837714,-0.04490563970533105,2.430146247814299
ORD10963,2024-11-30,,Bengaluru,Hyderabad,Dhl,Air,Wh-East,40.84,122.1,265.46,3.0,In Transit,,0.5426625178706584,0.08615430584778579,0.5989857038286662,0.5795470572510791,-1.2130295253328531,0.4627475226115442
ORD10931,2024-01-27,2024-02-08,Hyderabad,Mumbai,Ekart,Sea,Wh-South,15.27,1039.6124999999997,243.05,5.0,Delivered,12.0,0.1986039862080565,1.0,0.551949227471527,-0.7837670024097773,2.423781694931217,0.23198392015003094
ORD11142,2024-09-18,,Hyderabad,Chennai,Bluedart,Road,Wh-West,21.18,193.7,215.01,2.0,In Transit,,0.2781263140190059,0.15746815901196454,0.493095912118819,-0.4686639092304397,-0.9292233827779478,-0.056753760038315657
ORD10150,2024-08-20,2024-08-22,Jaipur,Hyderabad,Ekart,Road,Wh-Central,24.69,335.2,221.92,5.0,Delivered,2.0,0.3253553107392145,0.29840265932944066,0.507599350388691,-0.2815214630274829,-0.36834951166734603,0.014400925058027873
ORD11018,2024-06-11,2024-06-11,Ahmedabad,Jaipur,Dhl,Air,Wh-South,15.66,140.8,136.34,4.0,Delivered,0.0,0.20385165251030188,0.10477957196748053,0.3279750020333148,-0.7629733972761154,-1.1389069713415578,-0.8668462457878594
ORD10672,2024-05-09,,Bengaluru,Lucknow,Bluedart,Road,Wh-North,12.09,382.4,115.96,4.0,Cancelled,,0.15581532251282482,0.3454140262197931,0.285199304212766,-0.9533148596534816,-0.18125942886578844,-1.0767062287492895
ORD11037,2024-04-20,2024-04-22,Jaipur,Chennai,Bluedart,Road,Wh-South,26.2,252.2,141.1,4.0,Delivered,2.0,0.34567319821713893,0.21573436585699884,0.33796579308463043,-0.20101288930484343,-0.6973426657463563,-0.8178308621324911
ORD11027,2024-05-05,2024-05-09,Chennai,Kolkata,Bluedart,Road,Wh-North,31.76,635.0,232.55,1.0,Delivered,4.0,0.4204860819106887,0.5970045193660439,0.5299107177995073,0.09542927619043866,0.8199896159578018,0.12386175032201249
ORD10106,2024-08-13,2024-08-15,Jaipur,Mumbai,Ekart,Road,Wh-North,36.5,188.4,263.21,4.0,Delivered,2.0,0.484265410814902,0.15218934027215802,0.5942631660418048,0.3481515539687905,-0.9502313793637159,0.439578486219826
ORD10743,2024-12-05,2024-12-14,Lucknow,Kolkata,Fedex,Sea,Wh-West,5.56,853.2,105.68,2.0,Delivered,9.0,0.06795055083676729,0.8143324908803429,0.2636225537910172,-1.3014744533017175,1.684884871620935,-1.182562981685673
ORD11126,2024-05-23,,Delhi,Ahmedabad,Dhl,Road,Wh-South,33.08,367.2,245.23,3.0,In Transit,,0.4382474140105962,0.33027477247544235,0.5565248418605748,0.16580763202744786,-0.2415087775645951,0.25443214207622883
ORD10443,2024-08-17,2024-08-22,Delhi,Hyderabad,Fedex,Rail,Wh-Central,48.96,704.6,322.27,4.0,Delivered,5.0,0.6519216213943319,0.6663263654585976,0.7182245356827083,1.012480579521167,1.0958682126312853,1.0477399481286611
ORD10749,2024-11-02,,Chennai,Bengaluru,Fedex,Road,Wh-West,16.24,655.7,230.91,4.0,Delayed,,0.21165587419056425,0.6176217925573638,0.5264685124793059,-0.7320495742568234,0.902039715830519,0.10697409712982661
ORD10755,2024-04-21,,Jaipur,Ahmedabad,Fedex,Road,Wh-South,14.55,202.6,124.09,4.0,Delayed,,0.18891598688083425,0.16633259048069626,0.3022634074159584,-0.8221551965026914,-0.8939458036056201,-0.9929887772538809
ORD10024,2024-02-27,2024-03-01,Jaipur,Kolkata,Bluedart,Road,Wh-Central,31.67,435.7,162.88,3.0,Delivered,3.0,0.4192750819947859,0.3985010146786022,0.38367995886144857,0.09063075192882439,0.030009668874106134,-0.5935545898606586
ORD10811,2024-07-31,2024-08-07,Pune,Chennai,Dhl,Rail,Wh-South,26.3,966.7,312.2,4.0,Delivered,7.0,0.34701875367925317,0.9273788921950676,0.6970885554543998,-0.1956811956808275,2.13477310039163,0.9440456385888378
ORD10661,2024-04-08,,Jaipur,Hyderabad,Xpressbees,Road,Wh-North,36.44,185.3,264.57,5.0,Delayed,,0.4834580775376334,0.1491017293111391,0.5971176777707522,0.34495253779438084,-0.9625190754799199,0.45358288154993137
ORD10533,2024-05-10,,Ahmedabad,Bengaluru,Dhl,Air,Wh-East,45.4,282.3,251.31,2.0,In Transit,,0.6040198469430661,0.2457140722849567,0.5692861884135159,0.8226722865062022,-0.5780331002309561,0.31704002708140533
ORD11100,2024-06-03,2024-06-06,Chennai,Jaipur,Delhivery,Road,Wh-East,16.65,322.5,105.49,3.0,Delivered,3.0,0.21717265158523247,0.28575341442462127,0.26322376171123774,-0.7101896303983584,-0.41868942801437525,-1.1845194780920851
ORD10082,2024-01-17,,Kolkata,Lucknow,Bluedart,Sea,Wh-East,11.5,1039.6124999999997,197.22,4.0,In Transit,,0.147876545286351,1.0,0.45575638001736835,-0.9847718520351753,2.423781694931217,-0.23994360777550108
ORD10255,2024-10-20,2024-10-21,Bengaluru,Hyderabad,Xpressbees,Road,Wh-North,24.18,238.2,180.19,4.0,Delivered,1.0,0.318492977882432,0.2017903163556231,0.4200120162350354,-0.30871310050996387,-0.7528354869163099,-0.4153074698870396
ORD10934,2024-08-04,2024-08-05,Pune,Chennai,Bluedart,Road,Wh-North,74.82875000000001,245.1,246.58,5.0,Delivered,1.0,1.0,0.20866274075272973,0.5593583645326917,2.3917230738837714,-0.7254854536254041,0.26833356391126
ORD10869,2024-03-05,2024-03-10,Mumbai,Chennai,Fedex,Road,Wh-West,19.63,444.6,214.44,4.0,Delivered,5.0,0.25727020435623577,0.40736544614733394,0.49189953587948076,-0.5513051604026856,0.06528724804643388,-0.06262324925755088
ORD11125,2024-05-27,,Delhi,Kolkata,Fedex,Road,Wh-West,21.01,429.9,171.41,1.0,In Transit,,0.2758388697334118,0.3927241941708894,0.40158362433786077,-0.4777277883912666,0.007019785817982483,-0.5057181985622778
ORD10892,2024-08-10,2024-08-10,Bengaluru,Delhi,Delhivery,Air,Wh-North,6.11,102.5,48.72,4.0,Delivered,0.0,0.07535110587839543,0.06663263654585977,0.14406888608451765,-1.2721501383696303,-1.290719474970788,-1.7691000096289047
ORD10873,2024-11-18,2024-11-23,Lucknow,Bengaluru,Fedex,Road,Wh-South,23.68,379.6,204.24,5.0,Delivered,5.0,0.311765200571861,0.34262521631951803,0.4704906979123759,-0.33537156863004314,-0.19235799309977897,-0.1676562142333401
ORD10613,2024-10-05,,Delhi,Ahmedabad,Xpressbees,Road,Wh-Central,37.5,282.5,276.89,5.0,Cancelled,,0.49772096543604405,0.2459132729921192,0.622976195785922,0.4014684902089491,-0.5772403456428139,0.5804462274814729
ORD10379,2024-05-03,2024-05-04,Mumbai,Lucknow,Xpressbees,Air,Wh-West,30.01,155.3,136.16,5.0,Delivered,1.0,0.39693886132369016,0.11922162323676254,0.3275971990103659,0.0021246377701610564,-1.0814322637012488,-0.8686997686991969
ORD10076,2024-02-07,2024-02-12,Kolkata,Bengaluru,Xpressbees,Road,Wh-East,15.16,638.5,178.0,2.0,Delivered,5.0,0.19712387519973087,0.6004905317413879,0.415415412789157,-0.7896318653961947,0.8338628212502902,-0.43785866530831197
ORD10388,2024-08-07,2024-08-12,Bengaluru,Chennai,Bluedart,Rail,Wh-South,9.15,727.1,163.57,5.0,Delivered,5.0,0.11625599192666722,0.68873644501438,0.3851282037827527,-1.1100666521995481,1.185053103797282,-0.5864494187005317
ORD10936,2024-06-28,2024-07-01,Ahmedabad,Lucknow,Delhivery,Road,Wh-West,31.33,211.8,267.8,4.0,Delivered,3.0,0.4147001934235976,0.17549582301017175,0.6038971431270022,0.07250299360717027,-0.8574790925510792,0.4868433204589315
ORD10406,2024-06-24,2024-06-25,Mumbai,Pune,Delhivery,Air,Wh-West,24.695,200.4,146.27,4.0,Delivered,1.0,0.3254225885123202,0.16414138270190864,0.34881713546599635,-0.2812548783462821,-0.9026661040751843,-0.7645935651790762
ORD10291,2024-07-12,2024-07-13,Chennai,Pune,Ekart,Air,Wh-Central,3.56,158.5,30.34,2.0,Delivered,1.0,0.041039441594483216,0.1224088345513627,0.10549099963006786,-1.4081083257820348,-1.068748190290974,-1.958365293575474
ORD10794,2024-03-01,2024-03-05,Lucknow,Ahmedabad,Xpressbees,Rail,Wh-North,43.6,419.1,235.38,5.0,Delivered,4.0,0.5797998486250104,0.38196735598411385,0.5358506208825373,0.7267018012739168,-0.03578896194169578,0.15300324942804017
ORD10715,2024-10-17,,Chennai,Jaipur,Delhivery,Rail,Wh-Central,24.34,564.6,231.38,5.0,Delayed,,0.32064586662181477,0.5268858704448403,0.5274549981503392,-0.30018239071153846,0.5409400009317499,0.11181385139831886
ORD10110,2024-11-11,2024-11-12,Delhi,Bengaluru,Bluedart,Air,Wh-Central,30.8,176.1,227.41,5.0,Delivered,1.0,0.40756874947439237,0.13993849678166362,0.5191223425886328,0.04424501739988633,-0.9989857865344608,0.07093337385382047
ORD10624,2024-06-09,,Bengaluru,Kolkata,Delhivery,Road,Wh-West,58.1,213.0,341.97,1.0,In Transit,,0.77490539063157,0.1766910272531468,0.7595729776387835,1.499797376756217,-0.8527225650222261,1.250597733425039
ORD11084,2024-11-19,2024-11-20,Hyderabad,Pune,Xpressbees,Road,Wh-East,34.42,167.1,284.59,4.0,Delivered,1.0,0.4562778572029266,0.13097446495935064,0.6391377695454031,0.23725232658926063,-1.0346597430008597,0.6597358186886864
ORD11074,2024-01-08,2024-01-12,Delhi,Ahmedabad,Delhivery,Road,Wh-East,27.38,375.4,211.94,4.0,Delivered,4.0,0.3615507526700865,0.33844200146910525,0.48665227167185704,-0.13809890454145626,-0.2090058394507652,-0.08836662302612669
ORD10246,2024-08-30,,Kolkata,Hyderabad,Bluedart,Road,Wh-West,27.72,394.6,212.9,3.0,In Transit,,0.36612564124127484,0.3575652693567063,0.4886672211275845,-0.11997114621980234,-0.13290139898911446,-0.07848116749899349
ORD10145,2024-10-19,2024-10-22,Chennai,Jaipur,Dhl,Road,Wh-North,30.4,434.5,165.54,3.0,Delivered,3.0,0.4021865276259355,0.3973058104356271,0.38926304797836014,0.02291824290382276,0.02525314134525302,-0.5661636401708939
ORD11133,2024-04-22,2024-04-28,Lucknow,Mumbai,Xpressbees,Road,Wh-South,18.39,460.1,108.88,5.0,Delivered,6.0,0.24058531662601965,0.4228035009524285,0.2703390519767756,-0.6174181613404822,0.12672572862745385,-1.1496114632618963
ORD10128,2024-02-26,2024-03-01,Chennai,Lucknow,Ekart,Road,Wh-Central,27.4,477.5,247.99,3.0,Delivered,4.0,0.36181986376250935,0.4401339624755669,0.5623178215457915,-0.13703256581665313,0.1956953777958246,0.2828528267167367
ORD11116,2024-05-06,2024-05-10,Ahmedabad,Lucknow,Xpressbees,Road,Wh-West,8.71,396.3,155.75,5.0,Delivered,4.0,0.11033554789336474,0.35925847536758765,0.36871476134130565,-1.1335261041452178,-0.12616298498990586,-0.6669746918486368
ORD10622,2024-06-07,2024-06-12,Mumbai,Delhi,Fedex,Rail,Wh-South,69.53,726.0,397.93,3.0,Delivered,5.0,0.9287023799512234,0.6876408411249861,0.8770277396622335,2.1092099579812302,1.1806929535625,1.82683741186084
ORD11198,2024-05-13,,Chennai,Bengaluru,Fedex,Road,Wh-East,6.5,297.5,202.33,4.0,Delayed,,0.08059877218064082,0.26085332602930744,0.4664817880577513,-1.2513565332359684,-0.5177837515321494,-0.18732415179253198
ORD10460,2024-10-15,2024-10-16,Ahmedabad,Chennai,Dhl,Air,Wh-East,37.65,106.6,205.75,5.0,Delivered,1.0,0.49973929862921534,0.07071625104269122,0.47366004549378066,0.40946603064497283,-1.274468005913873,-0.1521072164771204
ORD10486,2024-04-23,2024-04-24,Bengaluru,Ahmedabad,Xpressbees,Air,Wh-Central,19.72,176.3,210.95,4.0,Delivered,1.0,0.25848120427213855,0.14013769748882615,0.484574355045638,-0.5465066361410714,-0.9981930319463186,-0.09856099903848281
ORD11155,2024-02-06,2024-02-08,Hyderabad,Bengaluru,Ekart,Road,Wh-South,31.93,376.2,245.97,1.0,Delivered,2.0,0.42277352619628283,0.3392388042977553,0.5580780320660315,0.10449315535126552,-0.2058348210981964,0.26205218071172737
ORD10090,2024-05-17,2024-05-20,Mumbai,Lucknow,Bluedart,Road,Wh-Central,14.13,333.9,126.25,3.0,Delivered,3.0,0.18326465393995459,0.29710785473288437,0.3067970436913454,-0.844548309723558,-0.37350241649027033,-0.9707465023178314
ORD10492,2024-08-12,,Ahmedabad,Mumbai,Fedex,Sea,Wh-Central,34.26,609.0,203.31,5.0,Delayed,,0.45412496846354383,0.5711084274349175,0.46853871562713983,0.22872161679083503,0.7169315194993168,-0.17723274927525037
ORD10170,2024-12-24,2024-12-25,Bengaluru,Chennai,Bluedart,Air,Wh-West,49.89,173.4,370.65,4.0,Delivered,1.0,0.6644352871919939,0.13724928723496974,0.8197695926286431,1.0620653302245144,-1.0096879734743804,1.5459257172981404
ORD10056,2024-08-30,2024-09-01,Bengaluru,Hyderabad,Ekart,Air,Wh-North,32.66,277.1,169.95999999999998,4.0,Delivered,2.0,0.43259608106971653,0.24053485389873144,0.398540211097439,0.14341451880658115,-0.5986447195226531,-0.520649355348052
ORD10404,2024-04-13,2024-04-15,Hyderabad,Ahmedabad,Xpressbees,Road,Wh-East,36.92,152.1,229.85,5.0,Delivered,2.0,0.4899167437557817,0.11603441192216236,0.5242436724552735,0.3705446671896572,-1.0941163371115241,0.09605890665195044
ORD10599,2024-01-05,2024-01-06,Hyderabad,Jaipur,Fedex,Air,Wh-North,24.68,166.5,201.71,1.0,Delivered,1.0,0.32522075519300303,0.13037686283786312,0.4651804665342606,-0.28205463238988454,-1.037038006765286,-0.19370850848713883
ORD11015,2024-07-30,2024-08-05,Pune,Hyderabad,Ekart,Road,Wh-West,22.65,532.4,156.42,3.0,Delivered,6.0,0.2979059793120847,0.494814556591676,0.3701210281489487,-0.3902880129574066,0.41330651224085657,-0.6600754676786585
ORD10097,2024-03-29,2024-04-03,Ahmedabad,Hyderabad,Dhl,Road,Wh-West,74.82875000000001,579.3,456.51875000000007,1.0,Delivered,5.0,1.0,0.5415271224212846,1.0,2.3917230738837714,0.5992074631602008,2.430146247814299
ORD10826,2024-09-20,2024-09-25,Jaipur,Kolkata,Bluedart,Road,Wh-Central,11.0,649.0,126.84,3.0,Delivered,5.0,0.14114876797578,0.6109485688674197,0.30803539804434454,-1.0114303201552546,0.8754824371277554,-0.9646710661084474
ORD10479,2024-01-19,2024-01-21,Lucknow,Delhi,Xpressbees,Road,Wh-South,24.81,239.8,207.67,3.0,Delivered,2.0,0.3269699772937515,0.2033839220129232,0.4776899444052356,-0.27512343067866396,-0.7464934502111722,-0.1323363054228543
ORD10323,2024-07-10,2024-07-14,Bengaluru,Jaipur,Fedex,Rail,Wh-East,9.59,515.2,175.11,5.0,Delivered,4.0,0.12217643595996971,0.4776832957757002,0.409349575365144,-1.0866072002538782,0.3451296176606282,-0.4676180053847855
ORD11093,2024-10-25,2024-10-27,Lucknow,Jaipur,Ekart,Air,Wh-East,20.57,158.0,175.29,2.0,Delivered,2.0,0.26991842570010927,0.12191083278345642,0.4097273783880928,-0.5011872403369365,-1.0707300767613293,-0.46576448247344826
ORD10098,2024-01-13,2024-01-16,Mumbai,Delhi,Bluedart,Road,Wh-West,13.34,399.0,181.51,3.0,Delivered,3.0,0.17263476578925235,0.36194768491428153,0.42278257173666073,-0.8866686893532834,-0.1154607980499863,-0.4017149685372316
ORD10424,2024-08-10,2024-08-16,Pune,Lucknow,Bluedart,Rail,Wh-South,68.89,662.2,447.41,5.0,Delivered,6.0,0.9200908249936925,0.6240958155401454,0.9808815928595228,2.0750871187875286,0.9278042399451404,2.336350265488493
ORD10296,2024-06-16,2024-06-18,Ahmedabad,Hyderabad,Ekart,Road,Wh-North,33.83,401.2,226.86,5.0,Delivered,2.0,0.4483390799764527,0.36413889269306915,0.5179679444629556,0.20579533420756685,-0.10674049758042221,0.06526983162473396
ORD10737,2024-05-27,2024-06-07,Mumbai,Chennai,Delhivery,Sea,Wh-South,8.79,1039.6124999999997,240.6,5.0,Delivered,11.0,0.11141199226305608,1.0,0.5468069085480556,-1.1292607492460052,2.423781694931217,0.20675541385682644
ORD11183,2024-06-17,2024-06-23,Ahmedabad,Chennai,Fedex,Sea,Wh-West,7.4,848.6,148.38,5.0,Delivered,6.0,0.09270877133966865,0.8097508746156051,0.35324582645723085,-1.2033712906198257,1.6666515160936644,-0.7428661577183983
ORD10902,2024-07-30,2024-08-01,Jaipur,Kolkata,Fedex,Air,Wh-South,10.71,143.0,152.76,3.0,Delivered,2.0,0.13724665713564882,0.10697077974626813,0.36243903334898764,-1.0268922316649005,-1.1301866708719939,-0.6977637668758535
ORD10601,2024-01-21,2024-01-24,Delhi,Chennai,Delhivery,Road,Wh-North,22.05,363.2,141.56,3.0,Delivered,3.0,0.2898326465393995,0.3262907583321921,0.33893128969883324,-0.42227817470150164,-0.25736386932743893,-0.813094081359073
ORD10999,2024-08-28,2024-09-03,Mumbai,Lucknow,Delhivery,Road,Wh-West,3.43,586.3,140.9,5.0,Delivered,6.0,0.03929021949373475,0.5484991471719726,0.33754601194802053,-1.4150395274932555,0.6269538737451776,-0.8198903320339771
ORD10395,2024-03-01,,Ahmedabad,Delhi,Bluedart,Road,Wh-West,21.63,521.1,171.57,2.0,In Transit,,0.28418131359851984,0.4835597166369942,0.40191944924714873,-0.4446712879223684,0.3685158780108228,-0.504070622641089
ORD10426,2024-10-07,2024-10-08,Pune,Hyderabad,Xpressbees,Air,Wh-South,12.19,174.0,94.91,4.0,Delivered,1.0,0.157160877974939,0.13784688935645725,0.24101733958457405,-0.9479831660294659,-1.007309709709954,-1.2934654358806978
ORD11180,2024-05-13,2024-05-15,Lucknow,Delhi,Fedex,Road,Wh-East,26.2,256.3,251.61,3.0,Delivered,2.0,0.34567319821713893,0.21981798035383035,0.5699158601184308,-0.20101288930484343,-0.6810911966894412,0.3201292319336346
ORD11038,2024-09-04,2024-09-09,Bengaluru,Mumbai,Bluedart,Road,Wh-North,62.3,343.8,443.8,4.0,Delivered,5.0,0.8314187200403665,0.3069682897374286,0.9733045433437141,1.7237285089648828,-0.33426106437723163,2.299176833766669
ORD10252,2024-07-29,,Delhi,Bengaluru,Dhl,Road,Wh-South,74.82875000000001,375.7,456.51875000000007,2.0,Delayed,,1.0,0.33874080252984906,1.0,2.3917230738837714,-0.20781670756855186,2.430146247814299
ORD10238,2024-08-06,2024-08-11,Hyderabad,Lucknow,Dhl,Road,Wh-West,21.06,667.1,209.21,5.0,Delivered,5.0,0.2765116474644689,0.6289762328656269,0.4809222591571319,-0.4750619415792588,0.947226727354624,-0.11647838718141137
ORD10844,2024-07-24,2024-07-26,Ahmedabad,Bengaluru,Ekart,Road,Wh-North,27.04,225.8,224.61,5.0,Delivered,2.0,0.35697586409889825,0.18943987251154748,0.5132454066760942,-0.1562266628631102,-0.8019862713811257,0.04210079523301572
ORD10845,2024-06-19,2024-06-23,Lucknow,Hyderabad,Delhivery,Road,Wh-South,26.36,577.0,260.29,1.0,Delivered,4.0,0.3478260869565217,0.5392363142889158,0.5881343614473004,-0.19248217950641805,0.5900907853965658,0.4095102256581299
ORD10554,2024-05-18,2024-05-28,Chennai,Lucknow,Dhl,Rail,Wh-West,25.9,1038.1,227.21,5.0,Delivered,10.0,0.34163653183079634,0.9984935446520837,0.5187025614520229,-0.21700797017689105,2.4177864883583924,0.06887390395233452
ORD10545,2024-12-21,2024-12-25,Pune,Mumbai,Fedex,Road,Wh-South,39.66,549.7,248.96,5.0,Delivered,4.0,0.5267849634177107,0.5120454177612332,0.5643537600583495,0.5166330724876915,0.4818797841151566,0.29284125573894415
ORD10250,2024-01-07,2024-01-10,Delhi,Pune,Xpressbees,Road,Wh-West,13.62,267.6,82.36,4.0,Delivered,3.0,0.1764023210831721,0.2310728203085122,0.21467607326230284,-0.8717399472060391,-0.6363005624594072,-1.4226971721989483
ORD10739,2024-01-09,,Pune,Lucknow,Ekart,Air,Wh-South,17.18,119.1,90.68,5.0,Delayed,,0.22430409553443775,0.08316629524034813,0.2321389685452747,-0.6819316541910743,-1.2249208441549861,-1.337023224297128
ORD10964,2024-02-02,2024-02-05,Ahmedabad,Bengaluru,Delhivery,Road,Wh-East,74.82875000000001,381.1,456.51875000000007,4.0,Delivered,3.0,1.0,0.3441192216232369,1.0,2.3917230738837714,-0.18641233368871252,2.430146247814299
ORD10198,2024-03-21,2024-03-24,Pune,Kolkata,Bluedart,Road,Wh-South,66.05,362.6,357.09,5.0,Delivered,3.0,0.8818770498696491,0.32569315621070466,0.7913084315664919,1.9236670198654777,-0.2597421330918654,1.406293657977385
ORD10897,2024-12-21,2024-12-25,Bengaluru,Kolkata,Delhivery,Road,Wh-West,35.88,335.3,219.41,2.0,Delivered,4.0,0.47592296694979397,0.29850225968302196,0.5023310971242367,0.31509505349989225,-0.3679531343732748,-0.011445422205622155
ORD11070,2024-11-30,,Mumbai,Hyderabad,Ekart,Road,Wh-West,12.18,103.3,161.53,4.0,In Transit,,0.15702632242872758,0.06742943937450979,0.38084643618933167,-0.9485163353918674,-1.2875484566182192,-0.6074560116956894
ORD10989,2024-08-11,2024-08-16,Jaipur,Bengaluru,Dhl,Road,Wh-South,25.19,398.0,167.65,4.0,Delivered,5.0,0.33208308804978554,0.360951681378469,0.39369173896959464,-0.25486299490740355,-0.11942457099069727,-0.5444362327102158
ORD11040,2024-04-02,2024-04-06,Pune,Mumbai,Delhivery,Road,Wh-West,22.27,508.1,215.6,3.0,Delivered,4.0,0.29279286855605074,0.470611670671431,0.4943342664718181,-0.4105484487286668,0.31698682978158027,-0.050678323828931726
ORD10243,2024-04-02,2024-04-05,Ahmedabad,Bengaluru,Delhivery,Road,Wh-Central,65.63,437.4,414.46,5.0,Delivered,3.0,0.8762257169287694,0.4001942206894835,0.9117226506030417,1.9012739066446112,0.036748082873314734,1.997052599218663
ORD10066,2024-06-24,2024-06-29,Bengaluru,Delhi,Delhivery,Road,Wh-East,24.65,512.7,206.33,3.0,Delivered,5.0,0.32481708855436875,0.4751932869361688,0.47487741078994933,-0.28365414047708937,0.3352201853088508,-0.14613475376281068
ORD11167,2024-05-28,2024-06-02,Chennai,Kolkata,Ekart,Rail,Wh-Central,26.91,449.6,154.29,4.0,Delivered,5.0,0.3552266419981498,0.4123454638263967,0.3656503590440533,-0.16315786457433076,0.08510611274998871,-0.6820088221294851
ORD10933,2024-04-11,2024-04-14,Bengaluru,Ahmedabad,Bluedart,Road,Wh-Central,27.49,239.2,231.68,5.0,Delivered,3.0,0.36303086367841214,0.20278631989143567,0.5280846698552542,-0.13223404155503884,-0.7488717139755988,0.11490305625054807
ORD10359,2024-12-06,2024-12-21,Mumbai,Chennai,Ekart,Sea,Wh-North,22.2,1039.6124999999997,321.21,5.0,Delivered,15.0,0.2918509797325708,1.0,0.7159996956586758,-0.41428063426547795,2.423781694931217,1.036824757650785
ORD10095,2024-03-08,2024-03-15,Kolkata,Jaipur,Fedex,Sea,Wh-West,72.03,808.9,456.51875000000007,3.0,Delivered,7.0,0.9623412665040786,0.7702095342438467,1.0,2.2425022985816265,1.5092897303474389,2.430146247814299
ORD11189,2024-10-11,,Pune,Lucknow,Xpressbees,Road,Wh-South,37.07,292.5,233.95,4.0,Cancelled,,0.49193507694895294,0.2558733083502447,0.5328491857557764,0.3785422076256809,-0.5376026162357043,0.13827803963241472
ORD10521,2024-07-22,,Bengaluru,Lucknow,Ekart,Road,Wh-South,15.95,428.1,145.83,5.0,Cancelled,,0.20775376335043308,0.39093138780642683,0.34789361696545457,-0.7475114857664694,-0.00011500547529707756,-0.7691243989623455
ORD10974,2024-01-21,,Lucknow,Hyderabad,Bluedart,Air,Wh-West,11.91,140.8,116.9,3.0,In Transit,,0.15339332268101924,0.10477957196748053,0.28717227555483255,-0.9629119081767102,-1.1389069713415578,-1.067026720212305
ORD10665,2024-03-21,,Ahmedabad,Bengaluru,Xpressbees,Rail,Wh-South,17.2,728.4,177.66,4.0,Delayed,,0.2245732066268606,0.6900312496109363,0.4147017848569201,-0.680865315466271,1.190206008620206,-0.44135976414083833
ORD10361,2024-05-14,2024-05-27,Chennai,Mumbai,Delhivery,Sea,Wh-Central,6.76,1039.6124999999997,130.17,5.0,Delivered,13.0,0.08409721638213774,1.0,0.31502475396889934,-1.2374941298135271,2.423781694931217,-0.9303808922487047
ORD10484,2024-04-03,2024-04-11,Lucknow,Delhi,Fedex,Rail,Wh-East,50.53,1039.6124999999997,345.11,4.0,Delivered,8.0,0.6730468421495248,1.0,0.7661635414835589,1.096188169418216,2.423781694931217,1.2829314108783703
ORD10311,2024-05-08,2024-05-12,Pune,Chennai,Dhl,Road,Wh-South,70.87,562.5,399.24,4.0,Delivered,4.0,0.9467328231435538,0.5247942630196338,0.8797773061070283,2.180654652543043,0.5326160777562567,1.8403269397155737
ORD10842,2024-09-20,2024-09-23,Lucknow,Delhi,Xpressbees,Road,Wh-North,9.99,263.4,202.33,3.0,Delivered,3.0,0.12755865780842654,0.2268896054580994,0.4664817880577513,-1.0652804257578146,-0.6529484088103935,-0.18732415179253198
ORD10413,2024-07-15,2024-07-24,Pune,Hyderabad,Delhivery,Sea,Wh-East,74.82875000000001,1039.6124999999997,456.51875000000007,3.0,Delivered,9.0,1.0,1.0,1.0,2.3917230738837714,2.423781694931217,2.430146247814299
ORD10031,2024-07-03,2024-07-13,Bengaluru,Lucknow,Xpressbees,Sea,Wh-West,48.25,922.0,330.04,5.0,Delivered,10.0,0.642368177613321,0.8828575341442465,0.734533032840003,0.9746255547906544,1.9575924499418493,1.127750353801395
ORD10765,2024-03-01,2024-03-06,Jaipur,Bengaluru,Delhivery,Road,Wh-South,12.57,626.7,175.84,4.0,Delivered,5.0,0.16227398873097298,0.5887376900187997,0.41088177651377006,-0.9277227302582055,0.787090300549901,-0.46010094024436143
ORD10458,2024-01-03,2024-01-07,Jaipur,Mumbai,Dhl,Road,Wh-North,48.32,349.2,316.45,5.0,Delivered,4.0,0.6433100664368009,0.3123467088308164,0.7060089046073602,0.9783577403274655,-0.3128566904973925,0.9878093739954167
ORD10339,2024-09-09,2024-09-12,Jaipur,Chennai,Bluedart,Road,Wh-North,48.89,240.8,241.07,4.0,Delivered,3.0,0.6509797325708518,0.20437992554873577,0.5477933942190889,1.008748393984356,-0.7425296772704612,0.2115951681253187
ORD10286,2024-08-26,,Bengaluru,Ahmedabad,Fedex,Rail,Wh-South,14.97,520.2,122.31,4.0,In Transit,,0.19456731982171388,0.48266331345476293,0.29852735530013036,-0.7997620832818247,0.36494848236418304,-1.011318059377107
ORD10239,2024-12-08,2024-12-12,Chennai,Ahmedabad,Bluedart,Road,Wh-East,11.37,579.9,173.41,4.0,Delivered,4.0,0.14612732318560254,0.5421247245427723,0.40578143570395975,-0.991703053746396,0.6015857269246275,-0.4851234995474172
ORD10949,2024-07-16,2024-07-26,Mumbai,Kolkata,Fedex,Rail,Wh-Central,15.15,1039.6124999999997,227.21,5.0,Delivered,10.0,0.19698931965351946,1.0,0.5187025614520229,-0.7901650347585962,2.423781694931217,0.06887390395233452
ORD10139,2024-03-16,2024-03-19,Ahmedabad,Lucknow,Bluedart,Road,Wh-South,26.2,426.7,185.94,4.0,Delivered,3.0,0.34567319821713893,0.38953698285628924,0.43208072391257,-0.20101288930484343,-0.005664287592292566,-0.3560977102193152
ORD10848,2024-03-01,,Lucknow,Chennai,Bluedart,Sea,Wh-Central,44.51,1039.6124999999997,414.46,4.0,In Transit,,0.5920444033302497,1.0,0.9117226506030417,0.7752202132524609,2.423781694931217,1.997052599218663
ORD11025,2024-12-09,2024-12-10,Jaipur,Mumbai,Delhivery,Air,Wh-West,2.56,110.7,-19.92,5.0,Delivered,1.0,0.027583886973341177,0.07479986553952268,0.0,-1.4614252620221935,-1.258216536856958,-2.4759100798189224
ORD10900,2024-01-31,2024-02-04,Jaipur,Mumbai,Delhivery,Road,Wh-East,40.75,505.3,287.62,4.0,Delivered,4.0,0.5414515179547557,0.46782286077115587,0.6454974537650432,0.5747485329894646,0.3058882655475895,0.6909367876962006
ORD10731,2024-12-14,2024-12-18,Kolkata,Mumbai,Xpressbees,Road,Wh-South,5.8,429.1,103.03,4.0,Delivered,4.0,0.07117988394584139,0.39192739134223936,0.258060453730936,-1.2886783886040794,0.003848767465413889,-1.2098509578803636
ORD10264,2024-11-05,2024-11-06,Mumbai,Chennai,Fedex,Air,Wh-South,21.48,150.9,157.26,1.0,Delivered,1.0,0.28216298040534854,0.1148392076791873,0.37188410892271034,-0.4526688283583921,-1.098872864640377,-0.651425694092417
ORD10274,2024-12-22,2024-12-27,Mumbai,Kolkata,Ekart,Road,Wh-West,66.77,493.5,361.72,4.0,Delivered,5.0,0.8915650491968714,0.45607001904856775,0.8010263648790111,1.962055213958392,0.25911574484720007,1.453970386196788
ORD11094,2024-01-23,2024-02-02,Mumbai,Chennai,Dhl,Sea,Wh-East,39.04,1022.6,289.1,3.0,Delivered,10.0,0.5184425195526028,0.9830554898469892,0.6486038341759565,0.48357657201879334,2.3563480077773726,0.7061768649671977
ORD10444,2024-03-29,2024-04-03,Mumbai,Chennai,Delhivery,Rail,Wh-West,27.77,753.4,296.18,4.0,Delivered,5.0,0.36679841897233195,0.7149313380062501,0.6634640864119469,-0.11730529940779437,1.2893003321379803,0.7790820994798042
ORD10039,2024-07-31,2024-08-04,Bengaluru,Pune,Delhivery,Road,Wh-East,50.94,387.4,305.9,5.0,Delivered,4.0,0.678563619544193,0.3503940438988559,0.683865449651188,1.1180481132766809,-0.1614405641622336,0.8791723366920267
ORD10021,2024-03-11,2024-03-16,Lucknow,Pune,Bluedart,Rail,Wh-East,13.91,746.6,175.06,4.0,Delivered,5.0,0.1803044319233033,0.7081585139627248,0.4092446300809915,-0.8562780356963929,1.262346676141146,-0.4681328728601571
ORD10705,2024-04-23,,Delhi,Kolkata,Bluedart,Rail,Wh-North,38.88,312.8,211.73,5.0,Cancelled,,0.5162896308132201,0.2760921801272395,0.4862115014784166,0.47504586222036815,-0.4571380255392716,-0.09052906642268714
ORD10517,2024-10-22,,Lucknow,Bengaluru,Bluedart,Road,Wh-South,38.47,224.4,172.07,4.0,Delayed,,0.5107728534185518,0.1880454675614099,0.4029689020886735,0.4531859183619029,-0.8075355534981211,-0.4989219478873739
ORD10354,2024-04-08,2024-04-12,Kolkata,Bengaluru,Xpressbees,Road,Wh-North,14.62,422.6,166.46,5.0,Delivered,4.0,0.18985787570431414,0.3854533683594578,0.39119404120676576,-0.8184230109658803,-0.021915756649207394,-0.5566900786240578
ORD10297,2024-08-27,2024-08-31,Kolkata,Chennai,Xpressbees,Road,Wh-East,34.69,266.5,188.92,4.0,Delivered,4.0,0.4599108569506349,0.22997721641911836,0.43833546284805747,0.25164789937410326,-0.6406607126941894,-0.32541160868717295
ORD11076,2024-04-27,2024-04-29,Jaipur,Bengaluru,Delhivery,Road,Wh-North,74.82875000000001,182.3,355.23,1.0,Delivered,2.0,1.0,0.14611371870370146,0.7874044669960198,2.3917230738837714,-0.9744103943020528,1.3871405878935652
ORD10839,2024-03-24,,Delhi,Chennai,Delhivery,Air,Wh-West,41.05,262.9,188.87,2.0,Delayed,,0.5454881843410982,0.22639160369019315,0.4382305175639051,0.5907436138615121,-0.654930295280749,-0.3259264761625443
ORD10924,2024-09-03,2024-09-08,Jaipur,Bengaluru,Dhl,Road,Wh-North,2.61,762.7,117.39,4.0,Delivered,5.0,0.028256664704398277,0.7241941708893069,0.28820073933952683,-1.4587594152101855,1.3261634204865924,-1.061981018953664
ORD10122,2024-05-09,2024-05-13,Bengaluru,Lucknow,Bluedart,Road,Wh-South,12.86,501.2,157.32,5.0,Delivered,4.0,0.16617609957110419,0.4637392462743244,0.37201004326369336,-0.9122608187485596,0.2896367964906745,-0.6508078531219712
ORD11091,2024-08-04,2024-08-11,Hyderabad,Jaipur,Dhl,Rail,Wh-East,9.32,827.4,104.65,3.0,Delivered,7.0,0.11854343621226136,0.788635599656379,0.2614606809374762,-1.101002773038721,1.5826195297505918,-1.1931692516783263
ORD10417,2024-11-12,2024-11-14,Delhi,Pune,Dhl,Road,Wh-East,42.78,200.4,246.87,4.0,Delivered,2.0,0.568766293835674,0.16414138270190864,0.5599670471807761,0.6829819135569867,-0.9026661040751843,0.2713197952684147
ORD10966,2024-08-22,2024-08-23,Pune,Jaipur,Bluedart,Air,Wh-North,24.695,132.9,412.01,1.0,Delivered,1.0,0.3254225885123202,0.09691114403456136,0.9065803316795704,-0.2812548783462821,-1.1702207775731743,1.971824092925459
ORD10157,2024-09-06,2024-09-10,Kolkata,Chennai,Delhivery,Road,Wh-North,32.97,407.8,232.39,4.0,Delivered,4.0,0.43676730300227057,0.370712516029432,0.5295748928902193,0.15994276904103044,-0.08057959617172974,0.12221417440082338
ORD11063,2024-09-21,2024-09-22,Kolkata,Jaipur,Delhivery,Air,Wh-North,24.695,216.6,300.55,4.0,Delivered,1.0,0.3254225885123202,0.180276639982072,0.6726363042468733,-0.2812548783462821,-0.8384529824356667,0.8240815168272747
ORD10589,2024-10-11,2024-10-15,Chennai,Mumbai,Bluedart,Rail,Wh-Central,59.8,370.3,360.33,2.0,Delivered,4.0,0.7977798334875115,0.3333623834364613,0.7981088859795723,1.5904361683644863,-0.229221081448391,1.4396570703814595
ORD10760,2024-01-22,2024-01-24,Hyderabad,Delhi,Fedex,Road,Wh-Central,63.83,281.3,326.85,4.0,Delivered,2.0,0.852005718610714,0.24471806874914415,0.7278375237110751,1.8053034214123256,-0.581996873171667,1.0949018088726925
ORD11062,2024-12-25,2024-12-28,Bengaluru,Lucknow,Ekart,Rail,Wh-West,19.95,254.7,138.98,4.0,Delivered,3.0,0.2615759818350012,0.21822437469653022,0.3335161130365655,-0.5342437408058348,-0.6874332333945788,-0.8396612430882434
ORD10242,2024-08-05,,Ahmedabad,Delhi,Dhl,Road,Wh-West,4.3,485.2,159.17,4.0,In Transit,,0.050996552014128324,0.44780318970132355,0.37589301877733483,-1.3686537929643172,0.22621642943929898,-0.6317577565332252
ORD10884,2024-07-04,2024-07-08,Lucknow,Mumbai,Fedex,Road,Wh-Central,26.41,362.8,202.33,5.0,Delivered,4.0,0.3484988646875788,0.32589235691786717,0.4664817880577513,-0.1898163326944101,-0.25894937850372324,-0.18732415179253198
ORD10620,2024-04-09,2024-04-10,Bengaluru,Mumbai,Xpressbees,Air,Wh-West,74.82875000000001,105.1,408.01,5.0,Delivered,1.0,1.0,0.0692222457389724,0.8981847089473725,2.3917230738837714,-1.2804136653249396,1.9306346948957376
ORD10650,2024-04-07,2024-04-10,Mumbai,Pune,Dhl,Road,Wh-West,0.69,267.5,70.72,5.0,Delivered,3.0,0.002421999831805566,0.23097321995493092,0.19024481111160665,-1.56112793279129,-0.6366969397534784,-1.5425583204654374
ORD10503,2024-03-26,,Mumbai,Bengaluru,Dhl,Road,Wh-Central,41.94,331.5,237.56,5.0,In Transit,,0.5574636279539147,0.29471744624693424,0.5404262352715852,0.6381956871152533,-0.38301547154797655,0.17545147135423833
ORD10922,2024-06-16,2024-06-24,Pune,Delhi,Delhivery,Rail,Wh-East,41.34,989.7,300.19,4.0,Delivered,8.0,0.5493902951812295,0.9502869735187562,0.6718806982009754,0.6062055253711585,2.225939878027982,0.8203744710045997
ORD10159,2024-04-04,2024-04-08,Bengaluru,Chennai,Bluedart,Road,Wh-Central,16.77,415.2,120.55,3.0,Delivered,4.0,0.2187873181397695,0.3780829421944449,0.2948332812979632,-0.7037915980495393,-0.051247676410468686,-1.0294413945101843
ORD10882,2024-09-07,2024-09-07,Chennai,Ahmedabad,Ekart,Air,Wh-North,27.38,52.0,148.21,5.0,Delivered,0.0,0.3615507526700865,0.01633445798732586,0.3528890124911124,-0.13809890454145626,-1.4908900084766918,-0.7446167071346613
ORD10240,2024-10-21,2024-10-23,Bengaluru,Kolkata,Dhl,Road,Wh-West,30.4,252.8,218.91,5.0,Delivered,2.0,0.4021865276259355,0.21633196797848642,0.5012816442827119,0.02291824290382276,-0.6949644019819295,-0.016594096959337317
ORD10013,2024-03-04,2024-03-08,Bengaluru,Chennai,Fedex,Rail,Wh-South,68.63,308.5,352.18,5.0,Delivered,4.0,0.9165923807921955,0.27180936492324553,0.7810028046627189,2.061224715365087,-0.4741822491843288,1.3557336718959025
ORD10475,2024-04-19,2024-04-22,Bengaluru,Pune,Ekart,Road,Wh-South,6.91,314.8,113.92,2.0,Delivered,3.0,0.08611554957530905,0.27808418719886463,0.28091753661934504,-1.2294965893775034,-0.44921047965784966,-1.0977128217444474
ORD11159,2024-09-01,,Delhi,Pune,Ekart,Air,Wh-South,74.82875000000001,214.8,400.83,3.0,In Transit,,1.0,0.17848383361760942,0.883114566143077,2.3917230738837714,-0.8455877737289463,1.8566997254323876
ORD10928,2024-10-26,2024-10-31,Chennai,Pune,Fedex,Road,Wh-East,22.64,687.4,181.77,4.0,Delivered,5.0,0.2977714237658733,0.6491951046426216,0.4233282872142536,-0.39082118231980806,1.0276913180510565,-0.3990376576652995
ORD10795,2024-07-12,2024-07-16,Ahmedabad,Jaipur,Xpressbees,Road,Wh-Central,14.45,414.3,112.28,4.0,Delivered,4.0,0.18757043141872,0.3771865390122136,0.2774753312991438,-0.8274868901267073,-0.05481507205710846,-1.1146004749366332
ORD10355,2024-01-23,2024-01-27,Chennai,Ahmedabad,Xpressbees,Road,Wh-South,26.2,368.8,124.5,5.0,Delivered,4.0,0.34567319821713893,0.33186837813274245,0.3031239587460088,-0.20101288930484343,-0.23516674085945746,-0.9887668639558345
ORD11058,2024-08-05,2024-08-19,Chennai,Pune,Xpressbees,Sea,Wh-East,26.9,1039.6124999999997,303.09,4.0,Delivered,14.0,0.35509208645193835,1.0,0.6779675246818189,-0.16369103393673243,2.423781694931217,0.8502367845761474
ORD10334,2024-10-31,2024-11-11,Delhi,Pune,Ekart,Sea,Wh-South,6.8,896.6,121.72,3.0,Delivered,11.0,0.08463543856698343,0.8575590443346076,0.2972890009471311,-1.2353614523639207,1.8569126172477908,-1.0173934955864907
ORD10688,2024-05-22,2024-05-27,Mumbai,Bengaluru,Fedex,Road,Wh-West,42.97,735.3,285.63,3.0,Delivered,5.0,0.5713228492136909,0.6969036740080429,0.6413206314557747,0.6931121314426167,1.2175560419111116,0.6704450621764141
ORD10184,2024-09-08,,Lucknow,Jaipur,Xpressbees,Air,Wh-North,9.27,62.8,80.31,5.0,In Transit,,0.11787065848120426,0.02709129617410142,0.21037331661205136,-1.103668619850729,-1.4480812607170133,-1.4438067386891806
ORD10823,2024-01-14,2024-01-26,Delhi,Bengaluru,Bluedart,Sea,Wh-North,11.47,1027.3,269.125,5.0,Delivered,12.0,0.14747287864771674,0.9877367064653082,0.6066781931570426,-0.98637136012238,2.3749777405987142,0.5004873085562765
ORD11143,2024-05-23,2024-05-29,Pune,Ahmedabad,Delhivery,Rail,Wh-Central,18.44,772.1,263.38,5.0,Delivered,6.0,0.24125809435707674,0.7335566041259448,0.5946199800079233,-0.6147523145284742,1.3634228861292754,0.44132903563608933
ORD11001,2024-07-17,2024-07-21,Ahmedabad,Lucknow,Bluedart,Road,Wh-West,27.78,464.6,232.1,5.0,Delivered,4.0,0.3669329745185434,0.427285516863585,0.5289662102421349,-0.1167721300453927,0.1445627068606532,0.11922794304366867
ORD10187,2024-06-27,,Delhi,Pune,Dhl,Road,Wh-North,24.03,364.9,82.38,5.0,Cancelled,,0.31647464468926073,0.3279839643430735,0.2147180513759638,-0.31671064094598755,-0.2506254553282304,-1.4224912252088
ORD10941,2024-09-22,2024-09-26,Jaipur,Ahmedabad,Dhl,Road,Wh-North,26.2,389.1,202.33,4.0,Delivered,4.0,0.34567319821713893,0.3520872499097373,0.4664817880577513,-0.20101288930484343,-0.15470215016302477,-0.18732415179253198
ORD10284,2024-05-18,2024-05-21,Jaipur,Lucknow,Dhl,Road,Wh-South,17.26,254.8,198.34,5.0,Delivered,3.0,0.22538053990412915,0.2183239750501115,0.4581071543823838,-0.6776662992918614,-0.6870368561005077,-0.2284105763271791
ORD10899,2024-01-16,2024-01-17,Ahmedabad,Mumbai,Ekart,Road,Wh-North,17.07,226.4,132.65,5.0,Delivered,1.0,0.22282398452611216,0.19003747463303503,0.32023004006286215,-0.6877965171774917,-0.7996080076166991,-0.9048434654702773
ORD10165,2024-04-24,,Hyderabad,Delhi,Xpressbees,Air,Wh-East,60.16,118.9,325.51,4.0,Delayed,,0.8026238331511226,0.08296709453318563,0.7250249900957887,1.6096302654109433,-1.225713598743128,1.0811033605327356
ORD10347,2024-06-21,2024-06-24,Delhi,Jaipur,Dhl,Road,Wh-North,29.78,366.8,183.08,4.0,Delivered,3.0,0.39384408376082747,0.32987637106111733,0.42607785365904843,-0.010138257565075451,-0.24309428674087938,-0.3855481298105658
ORD10298,2024-07-19,,Bengaluru,Mumbai,Dhl,Road,Wh-East,54.83,408.8,315.99,4.0,Cancelled,,0.7309057270204355,0.37170851956524453,0.7050434079931575,1.325450995250898,-0.07661582323101879,0.983072593221999
ORD10535,2024-06-04,2024-06-09,Jaipur,Hyderabad,Delhivery,Road,Wh-South,2.92,535.9,95.26,4.0,Delivered,5.0,0.03242788663695231,0.4983005689670199,0.2417519565736414,-1.4422311649757362,0.42717971753334494,-1.289861363553097
ORD10229,2024-08-30,2024-09-03,Jaipur,Lucknow,Ekart,Road,Wh-West,54.25,507.8,327.43,4.0,Delivered,4.0,0.7231015053401731,0.47031286961068725,0.7290548890072438,1.294527172231606,0.3157976978993669,1.100874271587002
ORD10041,2024-10-07,2024-10-12,Kolkata,Pune,Dhl,Rail,Wh-South,5.06,741.1,77.31,5.0,Delivered,5.0,0.061222773526196275,0.7026804945157558,0.20407659956290286,-1.328132921421797,1.2405459249672355,-1.4746987872114716
ORD10868,2024-06-18,2024-06-22,Chennai,Mumbai,Bluedart,Road,Wh-East,8.82,581.3,137.55,5.0,Delivered,4.0,0.11181565890169035,0.5435191294929098,0.33051467790980477,-1.1276612411588003,0.6071350090416228,-0.8543864528838686
ORD10748,2024-10-08,2024-10-09,Pune,Chennai,Bluedart,Air,Wh-North,74.82875000000001,98.7,398.36,5.0,Delivered,1.0,1.0,0.06284782310977206,0.8779302691059448,2.3917230738837714,-1.3057818121454896,1.831265272149035
ORD11177,2024-08-16,,Hyderabad,Pune,Bluedart,Road,Wh-North,55.58,869.6,379.55,5.0,Delayed,,0.7409973929862921,0.8306669488676687,0.8384498532077836,1.365438697431017,1.7498907478485948,1.6375721279142705
ORD10446,2024-02-04,2024-02-08,Ahmedabad,Chennai,Delhivery,Road,Wh-West,28.19,301.8,270.23,3.0,Delivered,4.0,0.3724497519132116,0.2651361412333014,0.6089974839368124,-0.09491218618692766,-0.5007395278870922,0.5118658797619873
ORD10349,2024-10-30,2024-11-02,Hyderabad,Kolkata,Delhivery,Road,Wh-West,37.49,400.4,218.32,4.0,Delivered,3.0,0.49758640988983266,0.36334208986441907,0.5000432899297128,0.4009353208465476,-0.10991151593299103,-0.022669533168721247
ORD10045,2024-03-17,2024-03-18,Delhi,Pune,Ekart,Road,Wh-West,47.22,175.9,206.0,5.0,Delivered,1.0,0.6285089563535446,0.1397392960745011,0.474184771914543,0.9197091104632908,-0.999778541122603,-0.1495328791002628
ORD11182,2024-05-07,2024-05-11,Chennai,Pune,Bluedart,Road,Wh-East,36.9,281.4,288.03,4.0,Delivered,4.0,0.4896476326633588,0.24481766910272537,0.6463580050950934,0.36947832846485384,-0.5816004958775961,0.6951587009942467
ORD10108,2024-09-07,2024-09-11,Lucknow,Chennai,Ekart,Road,Wh-Central,33.58,415.2,251.44,2.0,Delivered,4.0,0.4449751913211672,0.3780829421944449,0.5695590461523122,0.19246610014752719,-0.051247676410468686,0.3183786825173712
ORD10029,2024-02-13,2024-02-18,Lucknow,Delhi,Dhl,Road,Wh-North,65.0,610.9,202.33,3.0,Delivered,5.0,0.86774871751745,0.5730008341529613,0.4664817880577513,1.8676842368133113,0.7244626880866675,-0.18732415179253198
ORD10181,2024-07-02,2024-07-07,Delhi,Chennai,Dhl,Rail,Wh-South,19.34,651.0,227.21,5.0,Delivered,5.0,0.25336809351610456,0.6129405759390447,0.5187025614520229,-0.5667670719123316,0.8834099830091773,0.06887390395233452
ORD10621,2024-08-22,2024-08-27,Mumbai,Chennai,Xpressbees,Road,Wh-South,17.88,476.0,193.8,3.0,Delivered,5.0,0.23372298376923717,0.43863995717184806,0.4485781225813391,-0.6446097988229632,0.18974971838475815,-0.2751605430909127
ORD10634,2024-11-23,2024-11-28,Kolkata,Pune,Delhivery,Road,Wh-West,40.97,363.8,202.33,4.0,Delivered,5.0,0.5444117399714069,0.3268883604536797,0.4664817880577513,0.5864782589622994,-0.2549856055630123,-0.18732415179253198
ORD10104,2024-02-05,2024-02-10,Kolkata,Pune,Ekart,Road,Wh-West,4.75,670.4,135.74,4.0,Delivered,5.0,0.057051551593642245,0.6322630445338082,0.3267156586234852,-1.344661171656246,0.96030717805897,-0.8730246554923176
ORD10060,2024-11-27,2024-11-28,Lucknow,Kolkata,Fedex,Road,Wh-North,66.6,253.3,381.16,4.0,Delivered,1.0,0.8892776049112772,0.21682996974639268,0.8418290913574934,1.952991334797565,-0.6929825155115741,1.6541508606212336
ORD10658,2024-02-19,2024-02-23,Kolkata,Lucknow,Delhivery,Road,Wh-East,23.57,458.4,232.77,5.0,Delivered,4.0,0.3102850895635354,0.4211102949415471,0.5303724770497781,-0.34123643161646056,0.11998731462824504,0.12612716721364717
ORD11107,2024-10-28,2024-11-09,Lucknow,Hyderabad,Ekart,Sea,Wh-Central,8.55,887.1,163.47,4.0,Delivered,12.0,0.10818265915398201,0.8480970107443884,0.3849183132144477,-1.1420568139436431,1.8192567743110366,-0.5874791536512747
ORD10490,2024-11-12,2024-11-13,Hyderabad,Ahmedabad,Fedex,Air,Wh-East,73.78,224.3,370.75,3.0,Delivered,1.0,0.9858884870910771,0.18794586720782866,0.8199794831969481,2.3358069370019043,-0.8079319307921922,1.5469554522488835
ORD10315,2024-10-10,2024-10-15,Jaipur,Delhi,Delhivery,Road,Wh-Central,47.4,601.3,294.59,5.0,Delivered,5.0,0.6309309561853502,0.5634392002091608,0.6601268263758981,0.9293061589865195,0.6864104678558421,0.7627093137629897
ORD10381,2024-08-07,2024-08-08,Pune,Bengaluru,Fedex,Air,Wh-South,2.74,209.5,64.31,2.0,Delivered,1.0,0.03000588680514675,0.17320501487780288,0.17679082568325938,-1.4518282134989646,-0.8665957703147145,-1.608564330808066
ORD10422,2024-07-03,,Ahmedabad,Hyderabad,Dhl,Road,Wh-North,33.18,407.8,186.83,2.0,Cancelled,,0.4395929694727104,0.370712516029432,0.43394874997048405,0.1711393256514638,-0.08057959617172974,-0.34693306915770206
ORD11186,2024-07-04,2024-07-08,Lucknow,Hyderabad,Fedex,Road,Wh-South,29.09,676.0,220.77,3.0,Delivered,4.0,0.38455975107223944,0.6378406643343586,0.5051856088531841,-0.046926943570784974,0.9825043065269515,0.0025589731244832306
ORD10445,2024-09-26,2024-09-26,Mumbai,Delhi,Ekart,Air,Wh-North,23.1,117.7,161.07,4.0,Delivered,0.0,0.3039609788915987,0.08177189029021055,0.379880939575129,-0.36629539164933506,-1.2304701262719813,-0.6121927924691075
ORD10663,2024-05-26,2024-05-29,Kolkata,Mumbai,Bluedart,Road,Wh-East,23.04,503.4,192.59,4.0,Delivered,3.0,0.3031536456143301,0.46593045405311195,0.44603844670484916,-0.3694944078237447,0.29835709696023854,-0.28762033599490344
ORD11024,2024-01-01,2024-01-01,Chennai,Jaipur,Ekart,Air,Wh-North,57.07,98.0,385.76,4.0,Delivered,0.0,0.7610461693717937,0.06215062063470327,0.851484057499521,1.4448809324288534,-1.3085564532039873,1.7015186683554127
ORD10779,2024-11-29,2024-12-02,Chennai,Jaipur,Delhivery,Road,Wh-Central,47.98,473.7,301.03,3.0,Delivered,3.0,0.6387351778656125,0.4363491490394792,0.6736437789747369,0.9602299820058113,0.18063304062112287,0.8290242445908409
ORD10626,2024-09-04,2024-09-22,Hyderabad,Lucknow,Delhivery,Sea,Wh-South,13.11,1039.6124999999997,281.89,1.0,Delivered,18.0,0.1695399882263897,1.0,0.6334707242011695,-0.8989315846885199,2.423781694931217,0.6319329750186246
ORD11112,2024-05-23,2024-05-26,Hyderabad,Lucknow,Xpressbees,Road,Wh-Central,24.62,515.0,150.42,4.0,Delivered,3.0,0.3244134219157345,0.4774840950685376,0.3575275940506517,-0.28525364856429397,0.34433686307248584,-0.7218595647232405
ORD11101,2024-04-30,,Ahmedabad,Mumbai,Dhl,Sea,Wh-South,33.71,1039.6124999999997,335.4,5.0,Delayed,,0.4467244134219157,1.0,0.7457831673011482,0.19939730185874793,2.423781694931217,1.1829441471612212
ORD10268,2024-03-15,2024-03-19,Mumbai,Ahmedabad,Fedex,Road,Wh-East,16.01,558.8,173.51,1.0,Delivered,4.0,0.20856109662770161,0.5211090499371274,0.40599132627226475,-0.7443124695920598,0.5179501178756261,-0.48409376459667425
ORD10929,2024-12-27,2024-12-28,Delhi,Chennai,Fedex,Road,Wh-North,17.56,125.6,219.41,3.0,Delivered,1.0,0.22941720629047171,0.08964031822312972,0.5023310971242367,-0.661671218419814,-1.1991563200403648,-0.011445422205622155
ORD11147,2024-02-27,,Ahmedabad,Bengaluru,Fedex,Rail,Wh-South,25.13,1024.4,264.05,5.0,Delayed,,0.331275754772517,0.9848482962114519,0.5960262468155665,-0.2580620110818132,2.363482799070653,0.4482282598060678
ORD11119,2024-11-10,2024-11-14,Ahmedabad,Jaipur,Dhl,Road,Wh-East,0.67,610.7,130.91,1.0,Delivered,4.0,0.0021528887393827264,0.5728016334457989,0.31657794417435603,-1.562194271516093,0.7236699334985256,-0.9227608536132061
ORD10011,2024-04-11,2024-04-14,Delhi,Bengaluru,Fedex,Road,Wh-Central,31.31,373.7,266.5,3.0,Delivered,3.0,0.41443108233117476,0.33674879545822395,0.6011685657390378,0.07143665488236713,-0.2157442534499738,0.473456766099272
ORD10114,2024-01-10,2024-01-12,Lucknow,Ahmedabad,Delhivery,Road,Wh-South,5.52,277.9,190.22,5.0,Delivered,2.0,0.06741232865192161,0.24133165672738144,0.44106404023602186,-1.303607130751324,-0.5954737011700845,-0.3120250543275134
ORD10843,2024-07-27,,Lucknow,Ahmedabad,Fedex,Road,Wh-North,43.22,317.6,244.56,3.0,Delayed,,0.5746867378689765,0.28087299709913977,0.5551185750529317,0.7064413655026563,-0.4381119154238589,0.24753291790625062
ORD10352,2024-04-24,2024-04-24,Lucknow,Ahmedabad,Bluedart,Air,Wh-North,17.79,99.7,130.87,5.0,Delivered,0.0,0.2325119838533344,0.0638438266455846,0.3164939879470341,-0.6494083230845775,-1.3018180392047787,-0.9231727475935032
ORD10773,2024-04-04,,Hyderabad,Delhi,Dhl,Road,Wh-South,16.63,295.0,201.03,5.0,Delayed,,0.21690354049280963,0.25836331718977606,0.4637532106697869,-0.7112559691231615,-0.5276931838839268,-0.20071070615219153
ORD10690,2024-08-04,2024-08-11,Kolkata,Lucknow,Bluedart,Rail,Wh-North,35.63,499.9,314.68,4.0,Delivered,7.0,0.47255907829450844,0.46244444167776805,0.7022938415483626,0.3017658194398526,0.2844838916677502,0.9695830653672652
ORD10790,2024-02-09,2024-02-10,Pune,Mumbai,Delhivery,Air,Wh-Central,24.695,155.8,114.38,1.0,Delivered,1.0,0.3254225885123202,0.11971962500466882,0.28188303323354785,-0.2812548783462821,-1.0794503772308934,-1.0929760409710294
ORD10531,2024-04-06,,Delhi,Pune,Xpressbees,Air,Wh-East,13.62,140.8,146.21,5.0,In Transit,,0.1764023210831721,0.10477957196748053,0.3486912011250134,-0.8717399472060391,-1.1389069713415578,-0.765211406149522
ORD10867,2024-10-08,2024-10-15,Mumbai,Kolkata,Ekart,Rail,Wh-East,47.38,901.0,391.42,2.0,Delivered,7.0,0.6306618450929274,0.8619414598921828,0.8633638636655813,0.9282398202617165,1.8743532181869191,1.7598016665674687
ORD10169,2024-11-11,,Pune,Delhi,Xpressbees,Road,Wh-East,45.26,500.1,284.8,5.0,Cancelled,,0.6021360692961062,0.4626436423849306,0.6395785397388436,0.81520791543258,0.28527664625589255,0.661898262085247
ORD11184,2024-12-12,,Jaipur,Delhi,Xpressbees,Sea,Wh-South,24.94,1039.6124999999997,261.44,5.0,Delayed,,0.3287191993945,1.0,0.5905481029828072,-0.2681922289674432,2.423781694931217,0.42135217759167454
ORD10073,2024-06-03,2024-06-05,Lucknow,Kolkata,Fedex,Air,Wh-Central,32.91,148.4,205.23,4.0,Delivered,2.0,0.435959969725002,0.11234919883965593,0.47256861453859483,0.15674375286662082,-1.1087822969921544,-0.15746183822098428
ORD11086,2024-01-26,,Chennai,Jaipur,Ekart,Air,Wh-East,17.26,121.0,185.84,4.0,Cancelled,,0.22538053990412915,0.08505870195839198,0.431870833344265,-0.6776662992918614,-1.217389675567635,-0.3571274451700582
ORD10761,2024-12-27,2024-12-31,Bengaluru,Kolkata,Ekart,Road,Wh-Central,42.98,382.4,238.48,5.0,Delivered,4.0,0.5714574047599024,0.3454140262197931,0.5423572284999907,0.6936453008050182,-0.18125942886578844,0.18492503290107412
ORD10740,2024-01-27,2024-01-28,Hyderabad,Lucknow,Fedex,Road,Wh-North,26.2,118.8,324.63,4.0,Delivered,1.0,0.34567319821713893,0.08286749417960435,0.7231779530947051,-0.20101288930484343,-1.2261099760371992,1.072041692966197
ORD10750,2024-09-01,2024-09-04,Jaipur,Kolkata,Delhivery,Road,Wh-South,38.26,374.7,259.95,4.0,Delivered,3.0,0.5079471869481119,0.3377447989940365,0.5874207335150635,0.4419893617514695,-0.21178048050926285,0.40600912682560325
ORD10741,2024-04-17,2024-04-22,Ahmedabad,Bengaluru,Ekart,Rail,Wh-North,34.38,744.1,314.82,5.0,Delivered,5.0,0.4557396350180809,0.7056685051231933,0.7025876883439895,0.2351196491396543,1.2524372437893685,0.9710246942983053
ORD10830,2024-08-23,2024-08-28,Bengaluru,Pune,Dhl,Rail,Wh-West,31.72,599.2,278.29,5.0,Delivered,5.0,0.419947859725843,0.5613475927839545,0.6259146637421914,0.09329659874083217,0.6780865446803495,0.5948625167918757
ORD10047,2024-05-09,2024-05-11,Kolkata,Pune,Bluedart,Road,Wh-Central,8.59,250.0,113.56,3.0,Delivered,2.0,0.10872088133882768,0.21354315807821125,0.28016193057344724,-1.139924136494037,-0.7060629662159204,-1.1014198675671223
ORD10762,2024-05-22,2024-06-04,Bengaluru,Hyderabad,Delhivery,Sea,Wh-South,39.61,1039.6124999999997,333.32,4.0,Delivered,13.0,0.5261121856866537,1.0,0.7414174434804053,0.5139672256756838,2.423781694931217,1.1615256601857664
ORD10591,2024-04-07,2024-04-10,Chennai,Mumbai,Ekart,Road,Wh-East,65.44,343.7,455.99,3.0,Delivered,3.0,0.8736691615507525,0.30686868938384737,0.9988902036200874,1.891143688758981,-0.3346574416713028,2.424701524262245
ORD10807,2024-03-19,2024-03-20,Hyderabad,Jaipur,Dhl,Air,Wh-Central,26.07,222.9,155.43,5.0,Delivered,1.0,0.3439239761163905,0.1865514622576911,0.36804311152272984,-0.207944091016064,-0.8134812129091875,-0.6702698436910144
ORD10505,2024-12-20,2024-12-22,Pune,Delhi,Dhl,Rail,Wh-South,41.07,348.5,227.21,3.0,Delivered,2.0,0.5457572954335211,0.3116495063557476,0.5187025614520229,0.5918099525863154,-0.3156313315558901,0.06887390395233452
ORD11044,2024-11-07,,Chennai,Pune,Bluedart,Road,Wh-West,49.77,445.6,319.1,4.0,Cancelled,,0.662820620637457,0.40836144968314647,0.7115710046674415,1.0556672978756956,0.06925102098714483,1.0150973501901075
ORD10652,2024-11-03,,Jaipur,Ahmedabad,Bluedart,Road,Wh-East,39.94,640.0,249.0,4.0,In Transit,,0.5305525187116306,0.6019845370451067,0.5644377162856715,0.531561814634936,0.8398084806613567,0.29325314971924127
ORD10192,2024-07-24,,Pune,Chennai,Xpressbees,Road,Wh-Central,74.82875000000001,425.7,446.77,5.0,Cancelled,,1.0,0.38854097932047665,0.979538293222371,2.3917230738837714,-0.009628060533003533,2.329759961803737
ORD10244,2024-03-31,2024-04-05,Ahmedabad,Kolkata,Delhivery,Rail,Wh-West,15.01,593.3,233.78,5.0,Delivered,5.0,0.19510554200655955,0.5554711719226604,0.532492371789658,-0.7976294058322184,0.6547002843301544,0.13652749021615168
ORD10059,2024-10-18,2024-10-24,Chennai,Jaipur,Fedex,Road,Wh-East,17.6,730.2,165.51,4.0,Delivered,6.0,0.22995542847531744,0.691824055975399,0.3892000808078687,-0.6595385409702075,1.1973407999134862,-0.5664725606561168
ORD10176,2024-08-15,2024-08-18,Mumbai,Lucknow,Ekart,Road,Wh-North,1.07,368.6,26.31,4.0,Delivered,3.0,0.007535110587839542,0.33166917742557994,0.09703240972737838,-1.5408674970200298,-0.2359594954475996,-1.9998636120904183
ORD10449,2024-10-01,,Kolkata,Jaipur,Dhl,Road,Wh-North,9.31,382.4,125.84,1.0,Delayed,,0.11840888066604995,0.3454140262197931,0.30593649236129505,-1.1015359424011224,-0.18125942886578844,-0.9749684156158778
ORD10055,2024-05-07,2024-05-11,Jaipur,Ahmedabad,Xpressbees,Road,Wh-East,26.77,274.6,211.95,5.0,Delivered,4.0,0.3533428643511899,0.23804484505920007,0.4866732607286875,-0.170622235647953,-0.6085541518744305,-0.08826364953105248
ORD10919,2024-12-04,,Kolkata,Mumbai,Delhivery,Road,Wh-South,51.2,525.7,314.4,5.0,Delayed,,0.68206206374569,0.48814133290173195,0.7017061479571087,1.1319105166991223,0.3867492335380934,0.9666998075051845
ORD11092,2024-11-06,,Pune,Ahmedabad,Fedex,Air,Wh-South,18.1,138.5,124.45,5.0,Delayed,,0.23668320578588845,0.10248876383511166,0.3030190134618563,-0.6328800728501283,-1.1480236491051932,-0.989281731431206
ORD11192,2024-10-02,2024-10-03,Mumbai,Lucknow,Bluedart,Air,Wh-South,14.27,143.3,105.14,5.0,Delivered,1.0,0.18514843158691444,0.10726958080701192,0.26248914472217044,-0.8370839386499358,-1.1289975389897804,-1.1881235504196856
ORD11059,2024-03-04,2024-03-06,Ahmedabad,Bengaluru,Delhivery,Road,Wh-North,37.2,216.2,201.3,3.0,Delivered,2.0,0.49368429904970146,0.17987823856774696,0.4643199152042104,0.38547340933690166,-0.8400384916119511,-0.19793042178518522
ORD10641,2024-11-09,2024-11-10,Pune,Bengaluru,Bluedart,Air,Wh-West,24.71,76.8,138.73,5.0,Delivered,1.0,0.3256244218316373,0.041035345675477154,0.3329913866158031,-0.2804551243026797,-1.3925884395470598,-0.842235580465101
